"datetime","BC_370_nm","BC_470_nm","BC_520_nm","BC_590_nm","BC_660_nm","BC_880_nm","BC_950_nm","qc_flag_BC_370_nm","qc_flag_BC_470_nm","qc_flag_BC_520_nm","qc_flag_BC_590_nm","qc_flag_BC_660_nm","qc_flag_BC_880_nm","qc_flag_BC_950_nm"
2019-03-01,NA,NA,NA,NA,NA,NA,NA,"2b","2b","2b","2b","2b","2b","2b"
2019-03-01 01:00:00,NA,NA,NA,NA,NA,NA,NA,"2b","2b","2b","2b","2b","2b","2b"
2019-03-01 02:00:00,NA,NA,NA,NA,NA,NA,NA,"2b","2b","2b","2b","2b","2b","2b"
2019-03-01 03:00:00,NA,NA,NA,NA,NA,NA,NA,"2b","2b","2b","2b","2b","2b","2b"
2019-03-01 04:00:00,NA,NA,NA,NA,NA,NA,NA,"2b","2b","2b","2b","2b","2b","2b"
2019-03-01 05:00:00,NA,NA,NA,NA,NA,NA,NA,"2b","2b","2b","2b","2b","2b","2b"
2019-03-01 06:00:00,NA,NA,NA,NA,NA,NA,NA,"2b","2b","2b","2b","2b","2b","2b"
2019-03-01 07:00:00,NA,NA,NA,NA,NA,NA,NA,"2b","2b","2b","2b","2b","2b","2b"
2019-03-01 08:00:00,NA,NA,NA,NA,NA,NA,NA,"2b","2b","2b","2b","2b","2b","2b"
2019-03-01 09:00:00,NA,NA,NA,NA,NA,NA,NA,"2b","2b","2b","2b","2b","2b","2b"
2019-03-01 10:00:00,NA,NA,NA,NA,NA,NA,NA,"2b","2b","2b","2b","2b","2b","2b"
2019-03-01 11:00:00,NA,NA,NA,NA,NA,NA,NA,"2b","2b","2b","2b","2b","2b","2b"
2019-03-01 12:00:00,NA,NA,NA,NA,NA,NA,NA,"2b","2b","2b","2b","2b","2b","2b"
2019-03-01 13:00:00,NA,NA,NA,NA,NA,NA,NA,"2b","2b","2b","2b","2b","2b","2b"
2019-03-01 14:00:00,NA,NA,NA,NA,NA,NA,NA,"2b","2b","2b","2b","2b","2b","2b"
2019-03-01 15:00:00,NA,NA,NA,NA,NA,NA,NA,"2b","2b","2b","2b","2b","2b","2b"
2019-03-01 16:00:00,NA,NA,NA,NA,NA,NA,NA,"2b","2b","2b","2b","2b","2b","2b"
2019-03-01 17:00:00,NA,NA,NA,NA,NA,NA,NA,"2b","2b","2b","2b","2b","2b","2b"
2019-03-01 18:00:00,NA,NA,NA,NA,NA,NA,NA,"2b","2b","2b","2b","2b","2b","2b"
2019-03-01 19:00:00,NA,NA,NA,NA,NA,NA,NA,"2b","2b","2b","2b","2b","2b","2b"
2019-03-01 20:00:00,NA,NA,NA,NA,NA,NA,NA,"2b","2b","2b","2b","2b","2b","2b"
2019-03-01 21:00:00,NA,NA,NA,NA,NA,NA,NA,"2b","2b","2b","2b","2b","2b","2b"
2019-03-01 22:00:00,NA,NA,NA,NA,NA,NA,NA,"2b","2b","2b","2b","2b","2b","2b"
2019-03-01 23:00:00,NA,NA,NA,NA,NA,NA,NA,"2b","2b","2b","2b","2b","2b","2b"
2019-03-02,NA,NA,NA,NA,NA,NA,NA,"2b","2b","2b","2b","2b","2b","2b"
2019-03-02 01:00:00,NA,NA,NA,NA,NA,NA,NA,"2b","2b","2b","2b","2b","2b","2b"
2019-03-02 02:00:00,NA,NA,NA,NA,NA,NA,NA,"2b","2b","2b","2b","2b","2b","2b"
2019-03-02 03:00:00,NA,NA,NA,NA,NA,NA,NA,"2b","2b","2b","2b","2b","2b","2b"
2019-03-02 04:00:00,NA,NA,NA,NA,NA,NA,NA,"2b","2b","2b","2b","2b","2b","2b"
2019-03-02 05:00:00,NA,NA,NA,NA,NA,NA,NA,"2b","2b","2b","2b","2b","2b","2b"
2019-03-02 06:00:00,NA,NA,NA,NA,NA,NA,NA,"2b","2b","2b","2b","2b","2b","2b"
2019-03-02 07:00:00,NA,NA,NA,NA,NA,NA,NA,"2b","2b","2b","2b","2b","2b","2b"
2019-03-02 08:00:00,NA,NA,NA,NA,NA,NA,NA,"2b","2b","2b","2b","2b","2b","2b"
2019-03-02 09:00:00,NA,NA,NA,NA,NA,NA,NA,"2b","2b","2b","2b","2b","2b","2b"
2019-03-02 10:00:00,NA,NA,NA,NA,NA,NA,NA,"2b","2b","2b","2b","2b","2b","2b"
2019-03-02 11:00:00,NA,NA,NA,NA,NA,NA,NA,"2b","2b","2b","2b","2b","2b","2b"
2019-03-02 12:00:00,NA,NA,NA,NA,NA,NA,NA,"2b","2b","2b","2b","2b","2b","2b"
2019-03-02 13:00:00,NA,NA,NA,NA,NA,NA,NA,"2b","2b","2b","2b","2b","2b","2b"
2019-03-02 14:00:00,NA,NA,NA,NA,NA,NA,NA,"2b","2b","2b","2b","2b","2b","2b"
2019-03-02 15:00:00,NA,NA,NA,NA,NA,NA,NA,"2b","2b","2b","2b","2b","2b","2b"
2019-03-02 16:00:00,NA,NA,NA,NA,NA,NA,NA,"2b","2b","2b","2b","2b","2b","2b"
2019-03-02 17:00:00,NA,NA,NA,NA,NA,NA,NA,"2b","2b","2b","2b","2b","2b","2b"
2019-03-02 18:00:00,NA,NA,NA,NA,NA,NA,NA,"2b","2b","2b","2b","2b","2b","2b"
2019-03-02 19:00:00,NA,NA,NA,NA,NA,NA,NA,"2b","2b","2b","2b","2b","2b","2b"
2019-03-02 20:00:00,NA,NA,NA,NA,NA,NA,NA,"2b","2b","2b","2b","2b","2b","2b"
2019-03-02 21:00:00,NA,NA,NA,NA,NA,NA,NA,"2b","2b","2b","2b","2b","2b","2b"
2019-03-02 22:00:00,NA,NA,NA,NA,NA,NA,NA,"2b","2b","2b","2b","2b","2b","2b"
2019-03-02 23:00:00,NA,NA,NA,NA,NA,NA,NA,"2b","2b","2b","2b","2b","2b","2b"
2019-03-03,NA,NA,NA,NA,NA,NA,NA,"2b","2b","2b","2b","2b","2b","2b"
2019-03-03 01:00:00,NA,NA,NA,NA,NA,NA,NA,"2b","2b","2b","2b","2b","2b","2b"
2019-03-03 02:00:00,NA,NA,NA,NA,NA,NA,NA,"2b","2b","2b","2b","2b","2b","2b"
2019-03-03 03:00:00,NA,NA,NA,NA,NA,NA,NA,"2b","2b","2b","2b","2b","2b","2b"
2019-03-03 04:00:00,NA,NA,NA,NA,NA,NA,NA,"2b","2b","2b","2b","2b","2b","2b"
2019-03-03 05:00:00,NA,NA,NA,NA,NA,NA,NA,"2b","2b","2b","2b","2b","2b","2b"
2019-03-03 06:00:00,NA,NA,NA,NA,NA,NA,NA,"2b","2b","2b","2b","2b","2b","2b"
2019-03-03 07:00:00,NA,NA,NA,NA,NA,NA,NA,"2b","2b","2b","2b","2b","2b","2b"
2019-03-03 08:00:00,NA,NA,NA,NA,NA,NA,NA,"2b","2b","2b","2b","2b","2b","2b"
2019-03-03 09:00:00,NA,NA,NA,NA,NA,NA,NA,"2b","2b","2b","2b","2b","2b","2b"
2019-03-03 10:00:00,NA,NA,NA,NA,NA,NA,NA,"2b","2b","2b","2b","2b","2b","2b"
2019-03-03 11:00:00,NA,NA,NA,NA,NA,NA,NA,"2b","2b","2b","2b","2b","2b","2b"
2019-03-03 12:00:00,NA,NA,NA,NA,NA,NA,NA,"2b","2b","2b","2b","2b","2b","2b"
2019-03-03 13:00:00,NA,NA,NA,NA,NA,NA,NA,"2b","2b","2b","2b","2b","2b","2b"
2019-03-03 14:00:00,NA,NA,NA,NA,NA,NA,NA,"2b","2b","2b","2b","2b","2b","2b"
2019-03-03 15:00:00,NA,NA,NA,NA,NA,NA,NA,"2b","2b","2b","2b","2b","2b","2b"
2019-03-03 16:00:00,NA,NA,NA,NA,NA,NA,NA,"2b","2b","2b","2b","2b","2b","2b"
2019-03-03 17:00:00,NA,NA,NA,NA,NA,NA,NA,"2b","2b","2b","2b","2b","2b","2b"
2019-03-03 18:00:00,NA,NA,NA,NA,NA,NA,NA,"2b","2b","2b","2b","2b","2b","2b"
2019-03-03 19:00:00,NA,NA,NA,NA,NA,NA,NA,"2b","2b","2b","2b","2b","2b","2b"
2019-03-03 20:00:00,NA,NA,NA,NA,NA,NA,NA,"2b","2b","2b","2b","2b","2b","2b"
2019-03-03 21:00:00,NA,NA,NA,NA,NA,NA,NA,"2b","2b","2b","2b","2b","2b","2b"
2019-03-03 22:00:00,NA,NA,NA,NA,NA,NA,NA,"2b","2b","2b","2b","2b","2b","2b"
2019-03-03 23:00:00,NA,NA,NA,NA,NA,NA,NA,"2b","2b","2b","2b","2b","2b","2b"
2019-03-04,NA,NA,NA,NA,NA,NA,NA,"2b","2b","2b","2b","2b","2b","2b"
2019-03-04 01:00:00,NA,NA,NA,NA,NA,NA,NA,"2b","2b","2b","2b","2b","2b","2b"
2019-03-04 02:00:00,NA,NA,NA,NA,NA,NA,NA,"2b","2b","2b","2b","2b","2b","2b"
2019-03-04 03:00:00,NA,NA,NA,NA,NA,NA,NA,"2b","2b","2b","2b","2b","2b","2b"
2019-03-04 04:00:00,NA,NA,NA,NA,NA,NA,NA,"2b","2b","2b","2b","2b","2b","2b"
2019-03-04 05:00:00,NA,NA,NA,NA,NA,NA,NA,"2b","2b","2b","2b","2b","2b","2b"
2019-03-04 06:00:00,NA,NA,NA,NA,NA,NA,NA,"2b","2b","2b","2b","2b","2b","2b"
2019-03-04 07:00:00,NA,NA,NA,NA,NA,NA,NA,"2b","2b","2b","2b","2b","2b","2b"
2019-03-04 08:00:00,NA,NA,NA,NA,NA,NA,NA,"2b","2b","2b","2b","2b","2b","2b"
2019-03-04 09:00:00,NA,NA,NA,NA,NA,NA,NA,"2b","2b","2b","2b","2b","2b","2b"
2019-03-04 10:00:00,NA,NA,NA,NA,NA,NA,NA,"2b","2b","2b","2b","2b","2b","2b"
2019-03-04 11:00:00,NA,NA,NA,NA,NA,NA,NA,"2b","2b","2b","2b","2b","2b","2b"
2019-03-04 12:00:00,NA,NA,NA,NA,NA,NA,NA,"2b","2b","2b","2b","2b","2b","2b"
2019-03-04 13:00:00,NA,NA,NA,NA,NA,NA,NA,"2b","2b","2b","2b","2b","2b","2b"
2019-03-04 14:00:00,NA,NA,NA,NA,NA,NA,NA,"2b","2b","2b","2b","2b","2b","2b"
2019-03-04 15:00:00,NA,NA,NA,NA,NA,NA,NA,"2b","2b","2b","2b","2b","2b","2b"
2019-03-04 16:00:00,NA,NA,NA,NA,NA,NA,NA,"2b","2b","2b","2b","2b","2b","2b"
2019-03-04 17:00:00,NA,NA,NA,NA,NA,NA,NA,"2b","2b","2b","2b","2b","2b","2b"
2019-03-04 18:00:00,NA,NA,NA,NA,NA,NA,NA,"2b","2b","2b","2b","2b","2b","2b"
2019-03-04 19:00:00,NA,NA,NA,NA,NA,NA,NA,"2b","2b","2b","2b","2b","2b","2b"
2019-03-04 20:00:00,NA,NA,NA,NA,NA,NA,NA,"2b","2b","2b","2b","2b","2b","2b"
2019-03-04 21:00:00,NA,NA,NA,NA,NA,NA,NA,"2b","2b","2b","2b","2b","2b","2b"
2019-03-04 22:00:00,NA,NA,NA,NA,NA,NA,NA,"2b","2b","2b","2b","2b","2b","2b"
2019-03-04 23:00:00,NA,NA,NA,NA,NA,NA,NA,"2b","2b","2b","2b","2b","2b","2b"
2019-03-05,NA,NA,NA,NA,NA,NA,NA,"2b","2b","2b","2b","2b","2b","2b"
2019-03-05 01:00:00,NA,NA,NA,NA,NA,NA,NA,"2b","2b","2b","2b","2b","2b","2b"
2019-03-05 02:00:00,NA,NA,NA,NA,NA,NA,NA,"2b","2b","2b","2b","2b","2b","2b"
2019-03-05 03:00:00,NA,NA,NA,NA,NA,NA,NA,"2b","2b","2b","2b","2b","2b","2b"
2019-03-05 04:00:00,NA,NA,NA,NA,NA,NA,NA,"2b","2b","2b","2b","2b","2b","2b"
2019-03-05 05:00:00,NA,NA,NA,NA,NA,NA,NA,"2b","2b","2b","2b","2b","2b","2b"
2019-03-05 06:00:00,NA,NA,NA,NA,NA,NA,NA,"2b","2b","2b","2b","2b","2b","2b"
2019-03-05 07:00:00,NA,NA,NA,NA,NA,NA,NA,"2b","2b","2b","2b","2b","2b","2b"
2019-03-05 08:00:00,NA,NA,NA,NA,NA,NA,NA,"2b","2b","2b","2b","2b","2b","2b"
2019-03-05 09:00:00,NA,NA,NA,NA,NA,NA,NA,"2b","2b","2b","2b","2b","2b","2b"
2019-03-05 10:00:00,NA,NA,NA,NA,NA,NA,NA,"2b","2b","2b","2b","2b","2b","2b"
2019-03-05 11:00:00,NA,NA,NA,NA,NA,NA,NA,"2b","2b","2b","2b","2b","2b","2b"
2019-03-05 12:00:00,NA,NA,NA,NA,NA,NA,NA,"2b","2b","2b","2b","2b","2b","2b"
2019-03-05 13:00:00,NA,NA,NA,NA,NA,NA,NA,"2b","2b","2b","2b","2b","2b","2b"
2019-03-05 14:00:00,NA,NA,NA,NA,NA,NA,NA,"2b","2b","2b","2b","2b","2b","2b"
2019-03-05 15:00:00,NA,NA,NA,NA,NA,NA,NA,"2b","2b","2b","2b","2b","2b","2b"
2019-03-05 16:00:00,NA,NA,NA,NA,NA,NA,NA,"2b","2b","2b","2b","2b","2b","2b"
2019-03-05 17:00:00,NA,NA,NA,NA,NA,NA,NA,"2b","2b","2b","2b","2b","2b","2b"
2019-03-05 18:00:00,NA,NA,NA,NA,NA,NA,NA,"2b","2b","2b","2b","2b","2b","2b"
2019-03-05 19:00:00,NA,NA,NA,NA,NA,NA,NA,"2b","2b","2b","2b","2b","2b","2b"
2019-03-05 20:00:00,NA,NA,NA,NA,NA,NA,NA,"2b","2b","2b","2b","2b","2b","2b"
2019-03-05 21:00:00,NA,NA,NA,NA,NA,NA,NA,"2b","2b","2b","2b","2b","2b","2b"
2019-03-05 22:00:00,NA,NA,NA,NA,NA,NA,NA,"2b","2b","2b","2b","2b","2b","2b"
2019-03-05 23:00:00,NA,NA,NA,NA,NA,NA,NA,"2b","2b","2b","2b","2b","2b","2b"
2019-03-06,NA,NA,NA,NA,NA,NA,NA,"2b","2b","2b","2b","2b","2b","2b"
2019-03-06 01:00:00,NA,NA,NA,NA,NA,NA,NA,"2b","2b","2b","2b","2b","2b","2b"
2019-03-06 02:00:00,NA,NA,NA,NA,NA,NA,NA,"2b","2b","2b","2b","2b","2b","2b"
2019-03-06 03:00:00,NA,NA,NA,NA,NA,NA,NA,"2b","2b","2b","2b","2b","2b","2b"
2019-03-06 04:00:00,NA,NA,NA,NA,NA,NA,NA,"2b","2b","2b","2b","2b","2b","2b"
2019-03-06 05:00:00,NA,NA,NA,NA,NA,NA,NA,"2b","2b","2b","2b","2b","2b","2b"
2019-03-06 06:00:00,NA,NA,NA,NA,NA,NA,NA,"2b","2b","2b","2b","2b","2b","2b"
2019-03-06 07:00:00,NA,NA,NA,NA,NA,NA,NA,"2b","2b","2b","2b","2b","2b","2b"
2019-03-06 08:00:00,NA,NA,NA,NA,NA,NA,NA,"2b","2b","2b","2b","2b","2b","2b"
2019-03-06 09:00:00,NA,NA,NA,NA,NA,NA,NA,"2b","2b","2b","2b","2b","2b","2b"
2019-03-06 10:00:00,NA,NA,NA,NA,NA,NA,NA,"2b","2b","2b","2b","2b","2b","2b"
2019-03-06 11:00:00,NA,NA,NA,NA,NA,NA,NA,"2b","2b","2b","2b","2b","2b","2b"
2019-03-06 12:00:00,NA,NA,NA,NA,NA,NA,NA,"2b","2b","2b","2b","2b","2b","2b"
2019-03-06 13:00:00,NA,NA,NA,NA,NA,NA,NA,"2b","2b","2b","2b","2b","2b","2b"
2019-03-06 14:00:00,NA,NA,NA,NA,NA,NA,NA,"2b","2b","2b","2b","2b","2b","2b"
2019-03-06 15:00:00,NA,NA,NA,NA,NA,NA,NA,"2b","2b","2b","2b","2b","2b","2b"
2019-03-06 16:00:00,NA,NA,NA,NA,NA,NA,NA,"2b","2b","2b","2b","2b","2b","2b"
2019-03-06 17:00:00,NA,NA,NA,NA,NA,NA,NA,"2b","2b","2b","2b","2b","2b","2b"
2019-03-06 18:00:00,NA,NA,NA,NA,NA,NA,NA,"2b","2b","2b","2b","2b","2b","2b"
2019-03-06 19:00:00,NA,NA,NA,NA,NA,NA,NA,"2b","2b","2b","2b","2b","2b","2b"
2019-03-06 20:00:00,NA,NA,NA,NA,NA,NA,NA,"2b","2b","2b","2b","2b","2b","2b"
2019-03-06 21:00:00,NA,NA,NA,NA,NA,NA,NA,"2b","2b","2b","2b","2b","2b","2b"
2019-03-06 22:00:00,NA,NA,NA,NA,NA,NA,NA,"2b","2b","2b","2b","2b","2b","2b"
2019-03-06 23:00:00,NA,NA,NA,NA,NA,NA,NA,"2b","2b","2b","2b","2b","2b","2b"
2019-03-07,NA,NA,NA,NA,NA,NA,NA,"2b","2b","2b","2b","2b","2b","2b"
2019-03-07 01:00:00,NA,NA,NA,NA,NA,NA,NA,"2b","2b","2b","2b","2b","2b","2b"
2019-03-07 02:00:00,NA,NA,NA,NA,NA,NA,NA,"2b","2b","2b","2b","2b","2b","2b"
2019-03-07 03:00:00,NA,NA,NA,NA,NA,NA,NA,"2b","2b","2b","2b","2b","2b","2b"
2019-03-07 04:00:00,NA,NA,NA,NA,NA,NA,NA,"2b","2b","2b","2b","2b","2b","2b"
2019-03-07 05:00:00,NA,NA,NA,NA,NA,NA,NA,"2b","2b","2b","2b","2b","2b","2b"
2019-03-07 06:00:00,NA,NA,NA,NA,NA,NA,NA,"2b","2b","2b","2b","2b","2b","2b"
2019-03-07 07:00:00,NA,NA,NA,NA,NA,NA,NA,"2b","2b","2b","2b","2b","2b","2b"
2019-03-07 08:00:00,NA,NA,NA,NA,NA,NA,NA,"2b","2b","2b","2b","2b","2b","2b"
2019-03-07 09:00:00,NA,NA,NA,NA,NA,NA,NA,"2b","2b","2b","2b","2b","2b","2b"
2019-03-07 10:00:00,NA,NA,NA,NA,NA,NA,NA,"2b","2b","2b","2b","2b","2b","2b"
2019-03-07 11:00:00,NA,NA,NA,NA,NA,NA,NA,"2b","2b","2b","2b","2b","2b","2b"
2019-03-07 12:00:00,NA,NA,NA,NA,NA,NA,NA,"2b","2b","2b","2b","2b","2b","2b"
2019-03-07 13:00:00,NA,NA,NA,NA,NA,NA,NA,"2b","2b","2b","2b","2b","2b","2b"
2019-03-07 14:00:00,NA,NA,NA,NA,NA,NA,NA,"2b","2b","2b","2b","2b","2b","2b"
2019-03-07 15:00:00,NA,NA,NA,NA,NA,NA,NA,"2b","2b","2b","2b","2b","2b","2b"
2019-03-07 16:00:00,NA,NA,NA,NA,NA,NA,NA,"2b","2b","2b","2b","2b","2b","2b"
2019-03-07 17:00:00,NA,NA,NA,NA,NA,NA,NA,"2b","2b","2b","2b","2b","2b","2b"
2019-03-07 18:00:00,NA,NA,NA,NA,NA,NA,NA,"2b","2b","2b","2b","2b","2b","2b"
2019-03-07 19:00:00,NA,NA,NA,NA,NA,NA,NA,"2b","2b","2b","2b","2b","2b","2b"
2019-03-07 20:00:00,NA,NA,NA,NA,NA,NA,NA,"2b","2b","2b","2b","2b","2b","2b"
2019-03-07 21:00:00,NA,NA,NA,NA,NA,NA,NA,"2b","2b","2b","2b","2b","2b","2b"
2019-03-07 22:00:00,NA,NA,NA,NA,NA,NA,NA,"2b","2b","2b","2b","2b","2b","2b"
2019-03-07 23:00:00,NA,NA,NA,NA,NA,NA,NA,"2b","2b","2b","2b","2b","2b","2b"
2019-03-08,NA,NA,NA,NA,NA,NA,NA,"2b","2b","2b","2b","2b","2b","2b"
2019-03-08 01:00:00,NA,NA,NA,NA,NA,NA,NA,"2b","2b","2b","2b","2b","2b","2b"
2019-03-08 02:00:00,NA,NA,NA,NA,NA,NA,NA,"2b","2b","2b","2b","2b","2b","2b"
2019-03-08 03:00:00,NA,NA,NA,NA,NA,NA,NA,"2b","2b","2b","2b","2b","2b","2b"
2019-03-08 04:00:00,NA,NA,NA,NA,NA,NA,NA,"2b","2b","2b","2b","2b","2b","2b"
2019-03-08 05:00:00,NA,NA,NA,NA,NA,NA,NA,"2b","2b","2b","2b","2b","2b","2b"
2019-03-08 06:00:00,NA,NA,NA,NA,NA,NA,NA,"2b","2b","2b","2b","2b","2b","2b"
2019-03-08 07:00:00,NA,NA,NA,NA,NA,NA,NA,"2b","2b","2b","2b","2b","2b","2b"
2019-03-08 08:00:00,NA,NA,NA,NA,NA,NA,NA,"2b","2b","2b","2b","2b","2b","2b"
2019-03-08 09:00:00,NA,NA,NA,NA,NA,NA,NA,"2b","2b","2b","2b","2b","2b","2b"
2019-03-08 10:00:00,NA,NA,NA,NA,NA,NA,NA,"2b","2b","2b","2b","2b","2b","2b"
2019-03-08 11:00:00,NA,NA,NA,NA,NA,NA,NA,"2b","2b","2b","2b","2b","2b","2b"
2019-03-08 12:00:00,NA,NA,NA,NA,NA,NA,NA,"2b","2b","2b","2b","2b","2b","2b"
2019-03-08 13:00:00,NA,NA,NA,NA,NA,NA,NA,"2b","2b","2b","2b","2b","2b","2b"
2019-03-08 14:00:00,NA,NA,NA,NA,NA,NA,NA,"2b","2b","2b","2b","2b","2b","2b"
2019-03-08 15:00:00,NA,NA,NA,NA,NA,NA,NA,"2b","2b","2b","2b","2b","2b","2b"
2019-03-08 16:00:00,NA,NA,NA,NA,NA,NA,NA,"2b","2b","2b","2b","2b","2b","2b"
2019-03-08 17:00:00,NA,NA,NA,NA,NA,NA,NA,"2b","2b","2b","2b","2b","2b","2b"
2019-03-08 18:00:00,NA,NA,NA,NA,NA,NA,NA,"2b","2b","2b","2b","2b","2b","2b"
2019-03-08 19:00:00,NA,NA,NA,NA,NA,NA,NA,"2b","2b","2b","2b","2b","2b","2b"
2019-03-08 20:00:00,NA,NA,NA,NA,NA,NA,NA,"2b","2b","2b","2b","2b","2b","2b"
2019-03-08 21:00:00,NA,NA,NA,NA,NA,NA,NA,"2b","2b","2b","2b","2b","2b","2b"
2019-03-08 22:00:00,NA,NA,NA,NA,NA,NA,NA,"2b","2b","2b","2b","2b","2b","2b"
2019-03-08 23:00:00,NA,NA,NA,NA,NA,NA,NA,"2b","2b","2b","2b","2b","2b","2b"
2019-03-09,NA,NA,NA,NA,NA,NA,NA,"2b","2b","2b","2b","2b","2b","2b"
2019-03-09 01:00:00,NA,NA,NA,NA,NA,NA,NA,"2b","2b","2b","2b","2b","2b","2b"
2019-03-09 02:00:00,NA,NA,NA,NA,NA,NA,NA,"2b","2b","2b","2b","2b","2b","2b"
2019-03-09 03:00:00,NA,NA,NA,NA,NA,NA,NA,"2b","2b","2b","2b","2b","2b","2b"
2019-03-09 04:00:00,NA,NA,NA,NA,NA,NA,NA,"2b","2b","2b","2b","2b","2b","2b"
2019-03-09 05:00:00,NA,NA,NA,NA,NA,NA,NA,"2b","2b","2b","2b","2b","2b","2b"
2019-03-09 06:00:00,NA,NA,NA,NA,NA,NA,NA,"2b","2b","2b","2b","2b","2b","2b"
2019-03-09 07:00:00,NA,NA,NA,NA,NA,NA,NA,"2b","2b","2b","2b","2b","2b","2b"
2019-03-09 08:00:00,NA,NA,NA,NA,NA,NA,NA,"2b","2b","2b","2b","2b","2b","2b"
2019-03-09 09:00:00,NA,NA,NA,NA,NA,NA,NA,"2b","2b","2b","2b","2b","2b","2b"
2019-03-09 10:00:00,NA,NA,NA,NA,NA,NA,NA,"2b","2b","2b","2b","2b","2b","2b"
2019-03-09 11:00:00,NA,NA,NA,NA,NA,NA,NA,"2b","2b","2b","2b","2b","2b","2b"
2019-03-09 12:00:00,NA,NA,NA,NA,NA,NA,NA,"2b","2b","2b","2b","2b","2b","2b"
2019-03-09 13:00:00,NA,NA,NA,NA,NA,NA,NA,"2b","2b","2b","2b","2b","2b","2b"
2019-03-09 14:00:00,NA,NA,NA,NA,NA,NA,NA,"2b","2b","2b","2b","2b","2b","2b"
2019-03-09 15:00:00,NA,NA,NA,NA,NA,NA,NA,"2b","2b","2b","2b","2b","2b","2b"
2019-03-09 16:00:00,NA,NA,NA,NA,NA,NA,NA,"2b","2b","2b","2b","2b","2b","2b"
2019-03-09 17:00:00,NA,NA,NA,NA,NA,NA,NA,"2b","2b","2b","2b","2b","2b","2b"
2019-03-09 18:00:00,NA,NA,NA,NA,NA,NA,NA,"2b","2b","2b","2b","2b","2b","2b"
2019-03-09 19:00:00,NA,NA,NA,NA,NA,NA,NA,"2b","2b","2b","2b","2b","2b","2b"
2019-03-09 20:00:00,NA,NA,NA,NA,NA,NA,NA,"2b","2b","2b","2b","2b","2b","2b"
2019-03-09 21:00:00,NA,NA,NA,NA,NA,NA,NA,"2b","2b","2b","2b","2b","2b","2b"
2019-03-09 22:00:00,NA,NA,NA,NA,NA,NA,NA,"2b","2b","2b","2b","2b","2b","2b"
2019-03-09 23:00:00,NA,NA,NA,NA,NA,NA,NA,"2b","2b","2b","2b","2b","2b","2b"
2019-03-10,NA,NA,NA,NA,NA,NA,NA,"2b","2b","2b","2b","2b","2b","2b"
2019-03-10 01:00:00,NA,NA,NA,NA,NA,NA,NA,"2b","2b","2b","2b","2b","2b","2b"
2019-03-10 02:00:00,NA,NA,NA,NA,NA,NA,NA,"2b","2b","2b","2b","2b","2b","2b"
2019-03-10 03:00:00,NA,NA,NA,NA,NA,NA,NA,"2b","2b","2b","2b","2b","2b","2b"
2019-03-10 04:00:00,NA,NA,NA,NA,NA,NA,NA,"2b","2b","2b","2b","2b","2b","2b"
2019-03-10 05:00:00,NA,NA,NA,NA,NA,NA,NA,"2b","2b","2b","2b","2b","2b","2b"
2019-03-10 06:00:00,NA,NA,NA,NA,NA,NA,NA,"2b","2b","2b","2b","2b","2b","2b"
2019-03-10 07:00:00,NA,NA,NA,NA,NA,NA,NA,"2b","2b","2b","2b","2b","2b","2b"
2019-03-10 08:00:00,NA,NA,NA,NA,NA,NA,NA,"2b","2b","2b","2b","2b","2b","2b"
2019-03-10 09:00:00,NA,NA,NA,NA,NA,NA,NA,"2b","2b","2b","2b","2b","2b","2b"
2019-03-10 10:00:00,NA,NA,NA,NA,NA,NA,NA,"2b","2b","2b","2b","2b","2b","2b"
2019-03-10 11:00:00,NA,NA,NA,NA,NA,NA,NA,"2b","2b","2b","2b","2b","2b","2b"
2019-03-10 12:00:00,NA,NA,NA,NA,NA,NA,NA,"2b","2b","2b","2b","2b","2b","2b"
2019-03-10 13:00:00,NA,NA,NA,NA,NA,NA,NA,"2b","2b","2b","2b","2b","2b","2b"
2019-03-10 14:00:00,NA,NA,NA,NA,NA,NA,NA,"2b","2b","2b","2b","2b","2b","2b"
2019-03-10 15:00:00,NA,NA,NA,NA,NA,NA,NA,"2b","2b","2b","2b","2b","2b","2b"
2019-03-10 16:00:00,NA,NA,NA,NA,NA,NA,NA,"2b","2b","2b","2b","2b","2b","2b"
2019-03-10 17:00:00,NA,NA,NA,NA,NA,NA,NA,"2b","2b","2b","2b","2b","2b","2b"
2019-03-10 18:00:00,NA,NA,NA,NA,NA,NA,NA,"2b","2b","2b","2b","2b","2b","2b"
2019-03-10 19:00:00,NA,NA,NA,NA,NA,NA,NA,"2b","2b","2b","2b","2b","2b","2b"
2019-03-10 20:00:00,NA,NA,NA,NA,NA,NA,NA,"2b","2b","2b","2b","2b","2b","2b"
2019-03-10 21:00:00,NA,NA,NA,NA,NA,NA,NA,"2b","2b","2b","2b","2b","2b","2b"
2019-03-10 22:00:00,NA,NA,NA,NA,NA,NA,NA,"2b","2b","2b","2b","2b","2b","2b"
2019-03-10 23:00:00,NA,NA,NA,NA,NA,NA,NA,"2b","2b","2b","2b","2b","2b","2b"
2019-03-11,NA,NA,NA,NA,NA,NA,NA,"2b","2b","2b","2b","2b","2b","2b"
2019-03-11 01:00:00,NA,NA,NA,NA,NA,NA,NA,"2b","2b","2b","2b","2b","2b","2b"
2019-03-11 02:00:00,NA,NA,NA,NA,NA,NA,NA,"2b","2b","2b","2b","2b","2b","2b"
2019-03-11 03:00:00,NA,NA,NA,NA,NA,NA,NA,"2b","2b","2b","2b","2b","2b","2b"
2019-03-11 04:00:00,NA,NA,NA,NA,NA,NA,NA,"2b","2b","2b","2b","2b","2b","2b"
2019-03-11 05:00:00,NA,NA,NA,NA,NA,NA,NA,"2b","2b","2b","2b","2b","2b","2b"
2019-03-11 06:00:00,NA,NA,NA,NA,NA,NA,NA,"2b","2b","2b","2b","2b","2b","2b"
2019-03-11 07:00:00,NA,NA,NA,NA,NA,NA,NA,"2b","2b","2b","2b","2b","2b","2b"
2019-03-11 08:00:00,NA,NA,NA,NA,NA,NA,NA,"2b","2b","2b","2b","2b","2b","2b"
2019-03-11 09:00:00,NA,NA,NA,NA,NA,NA,NA,"2b","2b","2b","2b","2b","2b","2b"
2019-03-11 10:00:00,NA,NA,NA,NA,NA,NA,NA,"2b","2b","2b","2b","2b","2b","2b"
2019-03-11 11:00:00,NA,NA,NA,NA,NA,NA,NA,"2b","2b","2b","2b","2b","2b","2b"
2019-03-11 12:00:00,NA,NA,NA,NA,NA,NA,NA,"2b","2b","2b","2b","2b","2b","2b"
2019-03-11 13:00:00,NA,NA,NA,NA,NA,NA,NA,"2b","2b","2b","2b","2b","2b","2b"
2019-03-11 14:00:00,NA,NA,NA,NA,NA,NA,NA,"2b","2b","2b","2b","2b","2b","2b"
2019-03-11 15:00:00,NA,NA,NA,NA,NA,NA,NA,"2b","2b","2b","2b","2b","2b","2b"
2019-03-11 16:00:00,NA,NA,NA,NA,NA,NA,NA,"2b","2b","2b","2b","2b","2b","2b"
2019-03-11 17:00:00,NA,NA,NA,NA,NA,NA,NA,"2b","2b","2b","2b","2b","2b","2b"
2019-03-11 18:00:00,NA,NA,NA,NA,NA,NA,NA,"2b","2b","2b","2b","2b","2b","2b"
2019-03-11 19:00:00,NA,NA,NA,NA,NA,NA,NA,"2b","2b","2b","2b","2b","2b","2b"
2019-03-11 20:00:00,NA,NA,NA,NA,NA,NA,NA,"2b","2b","2b","2b","2b","2b","2b"
2019-03-11 21:00:00,NA,NA,NA,NA,NA,NA,NA,"2b","2b","2b","2b","2b","2b","2b"
2019-03-11 22:00:00,NA,NA,NA,NA,NA,NA,NA,"2b","2b","2b","2b","2b","2b","2b"
2019-03-11 23:00:00,NA,NA,NA,NA,NA,NA,NA,"2b","2b","2b","2b","2b","2b","2b"
2019-03-12,NA,NA,NA,NA,NA,NA,NA,"2b","2b","2b","2b","2b","2b","2b"
2019-03-12 01:00:00,NA,NA,NA,NA,NA,NA,NA,"2b","2b","2b","2b","2b","2b","2b"
2019-03-12 02:00:00,NA,NA,NA,NA,NA,NA,NA,"2b","2b","2b","2b","2b","2b","2b"
2019-03-12 03:00:00,NA,NA,NA,NA,NA,NA,NA,"2b","2b","2b","2b","2b","2b","2b"
2019-03-12 04:00:00,NA,NA,NA,NA,NA,NA,NA,"2b","2b","2b","2b","2b","2b","2b"
2019-03-12 05:00:00,NA,NA,NA,NA,NA,NA,NA,"2b","2b","2b","2b","2b","2b","2b"
2019-03-12 06:00:00,NA,NA,NA,NA,NA,NA,NA,"2b","2b","2b","2b","2b","2b","2b"
2019-03-12 07:00:00,NA,NA,NA,NA,NA,NA,NA,"2b","2b","2b","2b","2b","2b","2b"
2019-03-12 08:00:00,NA,NA,NA,NA,NA,NA,NA,"2b","2b","2b","2b","2b","2b","2b"
2019-03-12 09:00:00,NA,NA,NA,NA,NA,NA,NA,"2b","2b","2b","2b","2b","2b","2b"
2019-03-12 10:00:00,NA,NA,NA,NA,NA,NA,NA,"2b","2b","2b","2b","2b","2b","2b"
2019-03-12 11:00:00,NA,NA,NA,NA,NA,NA,NA,"2b","2b","2b","2b","2b","2b","2b"
2019-03-12 12:00:00,NA,NA,NA,NA,NA,NA,NA,"2b","2b","2b","2b","2b","2b","2b"
2019-03-12 13:00:00,NA,NA,NA,NA,NA,NA,NA,"2b","2b","2b","2b","2b","2b","2b"
2019-03-12 14:00:00,NA,NA,NA,NA,NA,NA,NA,"2b","2b","2b","2b","2b","2b","2b"
2019-03-12 15:00:00,NA,NA,NA,NA,NA,NA,NA,"2b","2b","2b","2b","2b","2b","2b"
2019-03-12 16:00:00,NA,NA,NA,NA,NA,NA,NA,"2b","2b","2b","2b","2b","2b","2b"
2019-03-12 17:00:00,NA,NA,NA,NA,NA,NA,NA,"2b","2b","2b","2b","2b","2b","2b"
2019-03-12 18:00:00,NA,NA,NA,NA,NA,NA,NA,"2b","2b","2b","2b","2b","2b","2b"
2019-03-12 19:00:00,NA,NA,NA,NA,NA,NA,NA,"2b","2b","2b","2b","2b","2b","2b"
2019-03-12 20:00:00,NA,NA,NA,NA,NA,NA,NA,"2b","2b","2b","2b","2b","2b","2b"
2019-03-12 21:00:00,NA,NA,NA,NA,NA,NA,NA,"2b","2b","2b","2b","2b","2b","2b"
2019-03-12 22:00:00,NA,NA,NA,NA,NA,NA,NA,"2b","2b","2b","2b","2b","2b","2b"
2019-03-12 23:00:00,NA,NA,NA,NA,NA,NA,NA,"2b","2b","2b","2b","2b","2b","2b"
2019-03-13,NA,NA,NA,NA,NA,NA,NA,"2b","2b","2b","2b","2b","2b","2b"
2019-03-13 01:00:00,NA,NA,NA,NA,NA,NA,NA,"2b","2b","2b","2b","2b","2b","2b"
2019-03-13 02:00:00,NA,NA,NA,NA,NA,NA,NA,"2b","2b","2b","2b","2b","2b","2b"
2019-03-13 03:00:00,NA,NA,NA,NA,NA,NA,NA,"2b","2b","2b","2b","2b","2b","2b"
2019-03-13 04:00:00,NA,NA,NA,NA,NA,NA,NA,"2b","2b","2b","2b","2b","2b","2b"
2019-03-13 05:00:00,NA,NA,NA,NA,NA,NA,NA,"2b","2b","2b","2b","2b","2b","2b"
2019-03-13 06:00:00,NA,NA,NA,NA,NA,NA,NA,"2b","2b","2b","2b","2b","2b","2b"
2019-03-13 07:00:00,NA,NA,NA,NA,NA,NA,NA,"2b","2b","2b","2b","2b","2b","2b"
2019-03-13 08:00:00,NA,NA,NA,NA,NA,NA,NA,"2b","2b","2b","2b","2b","2b","2b"
2019-03-13 09:00:00,NA,NA,NA,NA,NA,NA,NA,"2b","2b","2b","2b","2b","2b","2b"
2019-03-13 10:00:00,NA,NA,NA,NA,NA,NA,NA,"2b","2b","2b","2b","2b","2b","2b"
2019-03-13 11:00:00,NA,NA,NA,NA,NA,NA,NA,"2b","2b","2b","2b","2b","2b","2b"
2019-03-13 12:00:00,NA,NA,NA,NA,NA,NA,NA,"2b","2b","2b","2b","2b","2b","2b"
2019-03-13 13:00:00,NA,NA,NA,NA,NA,NA,NA,"2b","2b","2b","2b","2b","2b","2b"
2019-03-13 14:00:00,NA,NA,NA,NA,NA,NA,NA,"2b","2b","2b","2b","2b","2b","2b"
2019-03-13 15:00:00,NA,NA,NA,NA,NA,NA,NA,"2b","2b","2b","2b","2b","2b","2b"
2019-03-13 16:00:00,NA,NA,NA,NA,NA,NA,NA,"2b","2b","2b","2b","2b","2b","2b"
2019-03-13 17:00:00,NA,NA,NA,NA,NA,NA,NA,"2b","2b","2b","2b","2b","2b","2b"
2019-03-13 18:00:00,NA,NA,NA,NA,NA,NA,NA,"2b","2b","2b","2b","2b","2b","2b"
2019-03-13 19:00:00,NA,NA,NA,NA,NA,NA,NA,"2b","2b","2b","2b","2b","2b","2b"
2019-03-13 20:00:00,NA,NA,NA,NA,NA,NA,NA,"2b","2b","2b","2b","2b","2b","2b"
2019-03-13 21:00:00,NA,NA,NA,NA,NA,NA,NA,"2b","2b","2b","2b","2b","2b","2b"
2019-03-13 22:00:00,NA,NA,NA,NA,NA,NA,NA,"2b","2b","2b","2b","2b","2b","2b"
2019-03-13 23:00:00,NA,NA,NA,NA,NA,NA,NA,"2b","2b","2b","2b","2b","2b","2b"
2019-03-14,NA,NA,NA,NA,NA,NA,NA,"2b","2b","2b","2b","2b","2b","2b"
2019-03-14 01:00:00,NA,NA,NA,NA,NA,NA,NA,"2b","2b","2b","2b","2b","2b","2b"
2019-03-14 02:00:00,NA,NA,NA,NA,NA,NA,NA,"2b","2b","2b","2b","2b","2b","2b"
2019-03-14 03:00:00,NA,NA,NA,NA,NA,NA,NA,"2b","2b","2b","2b","2b","2b","2b"
2019-03-14 04:00:00,NA,NA,NA,NA,NA,NA,NA,"2b","2b","2b","2b","2b","2b","2b"
2019-03-14 05:00:00,NA,NA,NA,NA,NA,NA,NA,"2b","2b","2b","2b","2b","2b","2b"
2019-03-14 06:00:00,NA,NA,NA,NA,NA,NA,NA,"2b","2b","2b","2b","2b","2b","2b"
2019-03-14 07:00:00,NA,NA,NA,NA,NA,NA,NA,"2b","2b","2b","2b","2b","2b","2b"
2019-03-14 08:00:00,NA,NA,NA,NA,NA,NA,NA,"2b","2b","2b","2b","2b","2b","2b"
2019-03-14 09:00:00,NA,NA,NA,NA,NA,NA,NA,"2b","2b","2b","2b","2b","2b","2b"
2019-03-14 10:00:00,NA,NA,NA,NA,NA,NA,NA,"2b","2b","2b","2b","2b","2b","2b"
2019-03-14 11:00:00,NA,NA,NA,NA,NA,NA,NA,"2b","2b","2b","2b","2b","2b","2b"
2019-03-14 12:00:00,NA,NA,NA,NA,NA,NA,NA,"2b","2b","2b","2b","2b","2b","2b"
2019-03-14 13:00:00,NA,NA,NA,NA,NA,NA,NA,"2b","2b","2b","2b","2b","2b","2b"
2019-03-14 14:00:00,NA,NA,NA,NA,NA,NA,NA,"2b","2b","2b","2b","2b","2b","2b"
2019-03-14 15:00:00,NA,NA,NA,NA,NA,NA,NA,"2b","2b","2b","2b","2b","2b","2b"
2019-03-14 16:00:00,NA,NA,NA,NA,NA,NA,NA,"2b","2b","2b","2b","2b","2b","2b"
2019-03-14 17:00:00,NA,NA,NA,NA,NA,NA,NA,"2b","2b","2b","2b","2b","2b","2b"
2019-03-14 18:00:00,NA,NA,NA,NA,NA,NA,NA,"2b","2b","2b","2b","2b","2b","2b"
2019-03-14 19:00:00,NA,NA,NA,NA,NA,NA,NA,"2b","2b","2b","2b","2b","2b","2b"
2019-03-14 20:00:00,NA,NA,NA,NA,NA,NA,NA,"2b","2b","2b","2b","2b","2b","2b"
2019-03-14 21:00:00,NA,NA,NA,NA,NA,NA,NA,"2b","2b","2b","2b","2b","2b","2b"
2019-03-14 22:00:00,NA,NA,NA,NA,NA,NA,NA,"2b","2b","2b","2b","2b","2b","2b"
2019-03-14 23:00:00,NA,NA,NA,NA,NA,NA,NA,"2b","2b","2b","2b","2b","2b","2b"
2019-03-15,NA,NA,NA,NA,NA,NA,NA,"2b","2b","2b","2b","2b","2b","2b"
2019-03-15 01:00:00,NA,NA,NA,NA,NA,NA,NA,"2b","2b","2b","2b","2b","2b","2b"
2019-03-15 02:00:00,NA,NA,NA,NA,NA,NA,NA,"2b","2b","2b","2b","2b","2b","2b"
2019-03-15 03:00:00,NA,NA,NA,NA,NA,NA,NA,"2b","2b","2b","2b","2b","2b","2b"
2019-03-15 04:00:00,NA,NA,NA,NA,NA,NA,NA,"2b","2b","2b","2b","2b","2b","2b"
2019-03-15 05:00:00,NA,NA,NA,NA,NA,NA,NA,"2b","2b","2b","2b","2b","2b","2b"
2019-03-15 06:00:00,NA,NA,NA,NA,NA,NA,NA,"2b","2b","2b","2b","2b","2b","2b"
2019-03-15 07:00:00,NA,NA,NA,NA,NA,NA,NA,"2b","2b","2b","2b","2b","2b","2b"
2019-03-15 08:00:00,NA,NA,NA,NA,NA,NA,NA,"2b","2b","2b","2b","2b","2b","2b"
2019-03-15 09:00:00,NA,NA,NA,NA,NA,NA,NA,"2b","2b","2b","2b","2b","2b","2b"
2019-03-15 10:00:00,NA,NA,NA,NA,NA,NA,NA,"2b","2b","2b","2b","2b","2b","2b"
2019-03-15 11:00:00,NA,NA,NA,NA,NA,NA,NA,"2b","2b","2b","2b","2b","2b","2b"
2019-03-15 12:00:00,NA,NA,NA,NA,NA,NA,NA,"2b","2b","2b","2b","2b","2b","2b"
2019-03-15 13:00:00,NA,NA,NA,NA,NA,NA,NA,"2b","2b","2b","2b","2b","2b","2b"
2019-03-15 14:00:00,NA,NA,NA,NA,NA,NA,NA,"2b","2b","2b","2b","2b","2b","2b"
2019-03-15 15:00:00,NA,NA,NA,NA,NA,NA,NA,"2b","2b","2b","2b","2b","2b","2b"
2019-03-15 16:00:00,NA,NA,NA,NA,NA,NA,NA,"2b","2b","2b","2b","2b","2b","2b"
2019-03-15 17:00:00,NA,NA,NA,NA,NA,NA,NA,"2b","2b","2b","2b","2b","2b","2b"
2019-03-15 18:00:00,NA,NA,NA,NA,NA,NA,NA,"2b","2b","2b","2b","2b","2b","2b"
2019-03-15 19:00:00,NA,NA,NA,NA,NA,NA,NA,"2b","2b","2b","2b","2b","2b","2b"
2019-03-15 20:00:00,NA,NA,NA,NA,NA,NA,NA,"2b","2b","2b","2b","2b","2b","2b"
2019-03-15 21:00:00,NA,NA,NA,NA,NA,NA,NA,"2b","2b","2b","2b","2b","2b","2b"
2019-03-15 22:00:00,NA,NA,NA,NA,NA,NA,NA,"2b","2b","2b","2b","2b","2b","2b"
2019-03-15 23:00:00,NA,NA,NA,NA,NA,NA,NA,"2b","2b","2b","2b","2b","2b","2b"
2019-03-16,NA,NA,NA,NA,NA,NA,NA,"2b","2b","2b","2b","2b","2b","2b"
2019-03-16 01:00:00,NA,NA,NA,NA,NA,NA,NA,"2b","2b","2b","2b","2b","2b","2b"
2019-03-16 02:00:00,NA,NA,NA,NA,NA,NA,NA,"2b","2b","2b","2b","2b","2b","2b"
2019-03-16 03:00:00,NA,NA,NA,NA,NA,NA,NA,"2b","2b","2b","2b","2b","2b","2b"
2019-03-16 04:00:00,NA,NA,NA,NA,NA,NA,NA,"2b","2b","2b","2b","2b","2b","2b"
2019-03-16 05:00:00,NA,NA,NA,NA,NA,NA,NA,"2b","2b","2b","2b","2b","2b","2b"
2019-03-16 06:00:00,NA,NA,NA,NA,NA,NA,NA,"2b","2b","2b","2b","2b","2b","2b"
2019-03-16 07:00:00,NA,NA,NA,NA,NA,NA,NA,"2b","2b","2b","2b","2b","2b","2b"
2019-03-16 08:00:00,NA,NA,NA,NA,NA,NA,NA,"2b","2b","2b","2b","2b","2b","2b"
2019-03-16 09:00:00,NA,NA,NA,NA,NA,NA,NA,"2b","2b","2b","2b","2b","2b","2b"
2019-03-16 10:00:00,NA,NA,NA,NA,NA,NA,NA,"2b","2b","2b","2b","2b","2b","2b"
2019-03-16 11:00:00,NA,NA,NA,NA,NA,NA,NA,"2b","2b","2b","2b","2b","2b","2b"
2019-03-16 12:00:00,NA,NA,NA,NA,NA,NA,NA,"2b","2b","2b","2b","2b","2b","2b"
2019-03-16 13:00:00,NA,NA,NA,NA,NA,NA,NA,"2b","2b","2b","2b","2b","2b","2b"
2019-03-16 14:00:00,NA,NA,NA,NA,NA,NA,NA,"2b","2b","2b","2b","2b","2b","2b"
2019-03-16 15:00:00,NA,NA,NA,NA,NA,NA,NA,"2b","2b","2b","2b","2b","2b","2b"
2019-03-16 16:00:00,NA,NA,NA,NA,NA,NA,NA,"2b","2b","2b","2b","2b","2b","2b"
2019-03-16 17:00:00,NA,NA,NA,NA,NA,NA,NA,"2b","2b","2b","2b","2b","2b","2b"
2019-03-16 18:00:00,NA,NA,NA,NA,NA,NA,NA,"2b","2b","2b","2b","2b","2b","2b"
2019-03-16 19:00:00,NA,NA,NA,NA,NA,NA,NA,"2b","2b","2b","2b","2b","2b","2b"
2019-03-16 20:00:00,NA,NA,NA,NA,NA,NA,NA,"2b","2b","2b","2b","2b","2b","2b"
2019-03-16 21:00:00,NA,NA,NA,NA,NA,NA,NA,"2b","2b","2b","2b","2b","2b","2b"
2019-03-16 22:00:00,NA,NA,NA,NA,NA,NA,NA,"2b","2b","2b","2b","2b","2b","2b"
2019-03-16 23:00:00,NA,NA,NA,NA,NA,NA,NA,"2b","2b","2b","2b","2b","2b","2b"
2019-03-17,NA,NA,NA,NA,NA,NA,NA,"2b","2b","2b","2b","2b","2b","2b"
2019-03-17 01:00:00,NA,NA,NA,NA,NA,NA,NA,"2b","2b","2b","2b","2b","2b","2b"
2019-03-17 02:00:00,NA,NA,NA,NA,NA,NA,NA,"2b","2b","2b","2b","2b","2b","2b"
2019-03-17 03:00:00,NA,NA,NA,NA,NA,NA,NA,"2b","2b","2b","2b","2b","2b","2b"
2019-03-17 04:00:00,NA,NA,NA,NA,NA,NA,NA,"2b","2b","2b","2b","2b","2b","2b"
2019-03-17 05:00:00,NA,NA,NA,NA,NA,NA,NA,"2b","2b","2b","2b","2b","2b","2b"
2019-03-17 06:00:00,NA,NA,NA,NA,NA,NA,NA,"2b","2b","2b","2b","2b","2b","2b"
2019-03-17 07:00:00,NA,NA,NA,NA,NA,NA,NA,"2b","2b","2b","2b","2b","2b","2b"
2019-03-17 08:00:00,NA,NA,NA,NA,NA,NA,NA,"2b","2b","2b","2b","2b","2b","2b"
2019-03-17 09:00:00,NA,NA,NA,NA,NA,NA,NA,"2b","2b","2b","2b","2b","2b","2b"
2019-03-17 10:00:00,NA,NA,NA,NA,NA,NA,NA,"2b","2b","2b","2b","2b","2b","2b"
2019-03-17 11:00:00,NA,NA,NA,NA,NA,NA,NA,"2b","2b","2b","2b","2b","2b","2b"
2019-03-17 12:00:00,NA,NA,NA,NA,NA,NA,NA,"2b","2b","2b","2b","2b","2b","2b"
2019-03-17 13:00:00,NA,NA,NA,NA,NA,NA,NA,"2b","2b","2b","2b","2b","2b","2b"
2019-03-17 14:00:00,NA,NA,NA,NA,NA,NA,NA,"2b","2b","2b","2b","2b","2b","2b"
2019-03-17 15:00:00,NA,NA,NA,NA,NA,NA,NA,"2b","2b","2b","2b","2b","2b","2b"
2019-03-17 16:00:00,NA,NA,NA,NA,NA,NA,NA,"2b","2b","2b","2b","2b","2b","2b"
2019-03-17 17:00:00,NA,NA,NA,NA,NA,NA,NA,"2b","2b","2b","2b","2b","2b","2b"
2019-03-17 18:00:00,NA,NA,NA,NA,NA,NA,NA,"2b","2b","2b","2b","2b","2b","2b"
2019-03-17 19:00:00,NA,NA,NA,NA,NA,NA,NA,"2b","2b","2b","2b","2b","2b","2b"
2019-03-17 20:00:00,NA,NA,NA,NA,NA,NA,NA,"2b","2b","2b","2b","2b","2b","2b"
2019-03-17 21:00:00,NA,NA,NA,NA,NA,NA,NA,"2b","2b","2b","2b","2b","2b","2b"
2019-03-17 22:00:00,NA,NA,NA,NA,NA,NA,NA,"2b","2b","2b","2b","2b","2b","2b"
2019-03-17 23:00:00,NA,NA,NA,NA,NA,NA,NA,"2b","2b","2b","2b","2b","2b","2b"
2019-03-18,NA,NA,NA,NA,NA,NA,NA,"2b","2b","2b","2b","2b","2b","2b"
2019-03-18 01:00:00,NA,NA,NA,NA,NA,NA,NA,"2b","2b","2b","2b","2b","2b","2b"
2019-03-18 02:00:00,NA,NA,NA,NA,NA,NA,NA,"2b","2b","2b","2b","2b","2b","2b"
2019-03-18 03:00:00,NA,NA,NA,NA,NA,NA,NA,"2b","2b","2b","2b","2b","2b","2b"
2019-03-18 04:00:00,NA,NA,NA,NA,NA,NA,NA,"2b","2b","2b","2b","2b","2b","2b"
2019-03-18 05:00:00,NA,NA,NA,NA,NA,NA,NA,"2b","2b","2b","2b","2b","2b","2b"
2019-03-18 06:00:00,NA,NA,NA,NA,NA,NA,NA,"2b","2b","2b","2b","2b","2b","2b"
2019-03-18 07:00:00,NA,NA,NA,NA,NA,NA,NA,"2b","2b","2b","2b","2b","2b","2b"
2019-03-18 08:00:00,NA,NA,NA,NA,NA,NA,NA,"2b","2b","2b","2b","2b","2b","2b"
2019-03-18 09:00:00,NA,NA,NA,NA,NA,NA,NA,"2b","2b","2b","2b","2b","2b","2b"
2019-03-18 10:00:00,NA,NA,NA,NA,NA,NA,NA,"2b","2b","2b","2b","2b","2b","2b"
2019-03-18 11:00:00,NA,NA,NA,NA,NA,NA,NA,"2b","2b","2b","2b","2b","2b","2b"
2019-03-18 12:00:00,NA,NA,NA,NA,NA,NA,NA,"2b","2b","2b","2b","2b","2b","2b"
2019-03-18 13:00:00,NA,NA,NA,NA,NA,NA,NA,"2b","2b","2b","2b","2b","2b","2b"
2019-03-18 14:00:00,NA,NA,NA,NA,NA,NA,NA,"2b","2b","2b","2b","2b","2b","2b"
2019-03-18 15:00:00,NA,NA,NA,NA,NA,NA,NA,"2b","2b","2b","2b","2b","2b","2b"
2019-03-18 16:00:00,NA,NA,NA,NA,NA,NA,NA,"2b","2b","2b","2b","2b","2b","2b"
2019-03-18 17:00:00,NA,NA,NA,NA,NA,NA,NA,"2b","2b","2b","2b","2b","2b","2b"
2019-03-18 18:00:00,NA,NA,NA,NA,NA,NA,NA,"2b","2b","2b","2b","2b","2b","2b"
2019-03-18 19:00:00,NA,NA,NA,NA,NA,NA,NA,"2b","2b","2b","2b","2b","2b","2b"
2019-03-18 20:00:00,NA,NA,NA,NA,NA,NA,NA,"2b","2b","2b","2b","2b","2b","2b"
2019-03-18 21:00:00,NA,NA,NA,NA,NA,NA,NA,"2b","2b","2b","2b","2b","2b","2b"
2019-03-18 22:00:00,NA,NA,NA,NA,NA,NA,NA,"2b","2b","2b","2b","2b","2b","2b"
2019-03-18 23:00:00,NA,NA,NA,NA,NA,NA,NA,"2b","2b","2b","2b","2b","2b","2b"
2019-03-19,NA,NA,NA,NA,NA,NA,NA,"2b","2b","2b","2b","2b","2b","2b"
2019-03-19 01:00:00,NA,NA,NA,NA,NA,NA,NA,"2b","2b","2b","2b","2b","2b","2b"
2019-03-19 02:00:00,NA,NA,NA,NA,NA,NA,NA,"2b","2b","2b","2b","2b","2b","2b"
2019-03-19 03:00:00,NA,NA,NA,NA,NA,NA,NA,"2b","2b","2b","2b","2b","2b","2b"
2019-03-19 04:00:00,NA,NA,NA,NA,NA,NA,NA,"2b","2b","2b","2b","2b","2b","2b"
2019-03-19 05:00:00,NA,NA,NA,NA,NA,NA,NA,"2b","2b","2b","2b","2b","2b","2b"
2019-03-19 06:00:00,NA,NA,NA,NA,NA,NA,NA,"2b","2b","2b","2b","2b","2b","2b"
2019-03-19 07:00:00,NA,NA,NA,NA,NA,NA,NA,"2b","2b","2b","2b","2b","2b","2b"
2019-03-19 08:00:00,NA,NA,NA,NA,NA,NA,NA,"2b","2b","2b","2b","2b","2b","2b"
2019-03-19 09:00:00,NA,NA,NA,NA,NA,NA,NA,"2b","2b","2b","2b","2b","2b","2b"
2019-03-19 10:00:00,0.736094339622642,0.634943396226415,0.635679245283019,0.634660377358491,0.62388679245283,0.542264150943396,0.58011320754717,"1b","1b","1b","1b","1b","1b","1b"
2019-03-19 11:00:00,0.646183333333333,0.578816666666667,0.545433333333333,0.539333333333333,0.531366666666667,0.465833333333333,0.493933333333333,"1b","1b","1b","1b","1b","1b","1b"
2019-03-19 12:00:00,0.7096,0.670116666666667,0.628366666666667,0.61795,0.600383333333333,0.5569,0.575016666666667,"1b","1b","1b","1b","1b","1b","1b"
2019-03-19 13:00:00,0.87805,0.8546,0.802366666666667,0.785966666666667,0.753683333333333,0.7192,0.731366666666667,"1b","1b","1b","1b","1b","1b","1b"
2019-03-19 14:00:00,0.734716666666667,0.695116666666667,0.646766666666667,0.628216666666667,0.597383333333333,0.561816666666667,0.568933333333333,"1b","1b","1b","1b","1b","1b","1b"
2019-03-19 15:00:00,0.57765,0.560533333333333,0.5263,0.5113,0.484766666666667,0.464866666666667,0.46955,"1b","1b","1b","1b","1b","1b","1b"
2019-03-19 16:00:00,0.735583333333333,0.699616666666667,0.65815,0.64225,0.60945,0.593666666666667,0.599383333333333,"1b","1b","1b","1b","1b","1b","1b"
2019-03-19 17:00:00,0.734383333333333,0.7323,0.704266666666667,0.699483333333333,0.6725,0.661933333333333,0.676133333333333,"1b","1b","1b","1b","1b","1b","1b"
2019-03-19 18:00:00,0.827916666666667,0.79995,0.77005,0.76375,0.734516666666667,0.70995,0.727916666666667,"1b","1b","1b","1b","1b","1b","1b"
2019-03-19 19:00:00,0.971066666666667,0.9102,0.8732,0.863016666666667,0.828783333333333,0.789516666666667,0.81395,"1b","1b","1b","1b","1b","1b","1b"
2019-03-19 20:00:00,0.970816666666667,0.8725,0.829083333333333,0.814833333333333,0.775783333333333,0.728,0.751883333333333,"1b","1b","1b","1b","1b","1b","1b"
2019-03-19 21:00:00,0.747933333333333,0.6915,0.6676,0.660566666666667,0.633666666666667,0.600283333333333,0.622316666666667,"1b","1b","1b","1b","1b","1b","1b"
2019-03-19 22:00:00,0.770983333333333,0.71825,0.695283333333333,0.68955,0.660066666666667,0.630116666666667,0.653683333333333,"1b","1b","1b","1b","1b","1b","1b"
2019-03-19 23:00:00,0.3218,0.295783333333333,0.283916666666667,0.278883333333333,0.264966666666667,0.252833333333333,0.261433333333333,"1b","1b","1b","1b","1b","1b","1b"
2019-03-20,0.221116666666667,0.19985,0.192083333333333,0.18965,0.179666666666667,0.170416666666667,0.176333333333333,"1b","1b","1b","1b","1b","1b","1b"
2019-03-20 01:00:00,0.153483333333333,0.14945,0.146,0.145816666666667,0.1385,0.13575,0.138883333333333,"1b","1b","1b","1b","1b","1b","1b"
2019-03-20 02:00:00,0.261416666666667,0.237,0.230116666666667,0.22845,0.216433333333333,0.204516666666667,0.211,"1b","1b","1b","1b","1b","1b","1b"
2019-03-20 03:00:00,0.411066666666667,0.362316666666667,0.352266666666667,0.348133333333333,0.332716666666667,0.314666666666667,0.325433333333333,"1b","1b","1b","1b","1b","1b","1b"
2019-03-20 04:00:00,0.317466666666667,0.28875,0.281166666666667,0.279866666666667,0.268833333333333,0.252416666666667,0.263783333333333,"1b","1b","1b","1b","1b","1b","1b"
2019-03-20 05:00:00,0.3215,0.308466666666667,0.304733333333333,0.305666666666667,0.294716666666667,0.279766666666667,0.291366666666667,"1b","1b","1b","1b","1b","1b","1b"
2019-03-20 06:00:00,0.503083333333333,0.4926,0.4885,0.489333333333333,0.472416666666667,0.453566666666667,0.474216666666667,"1b","1b","1b","1b","1b","1b","1b"
2019-03-20 07:00:00,0.875166666666667,0.878633333333333,0.875,0.88005,0.854383333333333,0.830166666666667,0.872,"1b","1b","1b","1b","1b","1b","1b"
2019-03-20 08:00:00,0.580566666666667,0.596016666666667,0.598566666666667,0.606133333333333,0.588833333333333,0.573533333333333,0.602316666666667,"1b","1b","1b","1b","1b","1b","1b"
2019-03-20 09:00:00,0.693566666666667,0.70515,0.70615,0.7123,0.691583333333333,0.668183333333333,0.700333333333333,"1b","1b","1b","1b","1b","1b","1b"
2019-03-20 10:00:00,0.641983333333333,0.637183333333333,0.6357,0.639383333333333,0.619,0.5831,0.613216666666667,"1b","1b","1b","1b","1b","1b","1b"
2019-03-20 11:00:00,0.515683333333333,0.5011,0.497933333333333,0.496433333333333,0.480516666666667,0.444416666666667,0.46775,"1b","1b","1b","1b","1b","1b","1b"
2019-03-20 12:00:00,0.61535,0.5882,0.577116666666667,0.572266666666667,0.547633333333333,0.50895,0.531966666666667,"1b","1b","1b","1b","1b","1b","1b"
2019-03-20 13:00:00,0.7652,0.726983333333333,0.714783333333333,0.71225,0.68075,0.6331,0.6616,"1b","1b","1b","1b","1b","1b","1b"
2019-03-20 14:00:00,0.807033333333333,0.753033333333333,0.741016666666667,0.735,0.7015,0.654333333333333,0.68335,"1b","1b","1b","1b","1b","1b","1b"
2019-03-20 15:00:00,0.77305,0.734966666666667,0.726433333333333,0.72235,0.692566666666667,0.651,0.680666666666667,"1b","1b","1b","1b","1b","1b","1b"
2019-03-20 16:00:00,0.834083333333333,0.792716666666667,0.779733333333333,0.7734,0.739033333333333,0.692766666666667,0.723366666666667,"1b","1b","1b","1b","1b","1b","1b"
2019-03-20 17:00:00,0.803216666666667,0.766416666666667,0.753383333333333,0.746966666666667,0.71215,0.667966666666667,0.698466666666667,"1b","1b","1b","1b","1b","1b","1b"
2019-03-20 18:00:00,0.838066666666667,0.783533333333333,0.7645,0.754116666666667,0.71585,0.667466666666667,0.697883333333333,"1b","1b","1b","1b","1b","1b","1b"
2019-03-20 19:00:00,1.18038181818182,1.06876363636364,1.05032727272727,1.03374545454545,0.982709090909091,0.916018181818182,0.955254545454545,"1b","1b","1b","1b","1b","1b","1b"
2019-03-20 20:00:00,1.29095,1.1573,1.07358333333333,1.0505,0.999366666666667,0.975183333333333,0.980316666666667,"1b","1b","1b","1b","1b","1b","1b"
2019-03-20 21:00:00,1.2471,1.15028333333333,1.06935,1.04096666666667,0.98685,0.9648,0.967733333333333,"1b","1b","1b","1b","1b","1b","1b"
2019-03-20 22:00:00,1.35115,1.25906666666667,1.1813,1.15238333333333,1.09165,1.06436666666667,1.06901666666667,"1b","1b","1b","1b","1b","1b","1b"
2019-03-20 23:00:00,0.90905,0.8432,0.796766666666667,0.778483333333333,0.7371,0.712283333333333,0.717333333333333,"1b","1b","1b","1b","1b","1b","1b"
2019-03-21,0.528166666666667,0.496183333333333,0.47155,0.461366666666667,0.43765,0.424366666666667,0.4288,"1b","1b","1b","1b","1b","1b","1b"
2019-03-21 01:00:00,0.5684,0.540083333333333,0.51585,0.5081,0.482816666666667,0.473583333333333,0.477866666666667,"1b","1b","1b","1b","1b","1b","1b"
2019-03-21 02:00:00,0.51595,0.515533333333333,0.50095,0.4989,0.477316666666667,0.477466666666667,0.482333333333333,"1b","1b","1b","1b","1b","1b","1b"
2019-03-21 03:00:00,0.55845,0.537533333333333,0.519083333333333,0.51455,0.491683333333333,0.48195,0.489133333333333,"1b","1b","1b","1b","1b","1b","1b"
2019-03-21 04:00:00,0.476833333333333,0.452716666666667,0.437633333333333,0.433783333333333,0.413833333333333,0.405733333333333,0.411533333333333,"1b","1b","1b","1b","1b","1b","1b"
2019-03-21 05:00:00,0.45075,0.435516666666667,0.424433333333333,0.420266666666667,0.403366666666667,0.397383333333333,0.403816666666667,"1b","1b","1b","1b","1b","1b","1b"
2019-03-21 06:00:00,0.567816666666667,0.560883333333333,0.547833333333333,0.544866666666667,0.521783333333333,0.517166666666667,0.527666666666667,"1b","1b","1b","1b","1b","1b","1b"
2019-03-21 07:00:00,0.884066666666667,0.894716666666667,0.880433333333333,0.876583333333333,0.840133333333333,0.8412,0.859133333333333,"1b","1b","1b","1b","1b","1b","1b"
2019-03-21 08:00:00,1.04893333333333,1.02323333333333,1.00176666666667,0.993366666666667,0.95135,0.947783333333333,0.969816666666667,"1b","1b","1b","1b","1b","1b","1b"
2019-03-21 09:00:00,0.623133333333333,0.604566666666667,0.585183333333333,0.574516666666667,0.545416666666667,0.531916666666667,0.5425,"1b","1b","1b","1b","1b","1b","1b"
2019-03-21 10:00:00,0.584983333333333,0.566733333333333,0.550366666666667,0.538,0.513233333333333,0.494516666666667,0.509533333333333,"1b","1b","1b","1b","1b","1b","1b"
2019-03-21 11:00:00,0.6232,0.601883333333333,0.582633333333333,0.5695,0.5388,0.523766666666667,0.535166666666667,"1b","1b","1b","1b","1b","1b","1b"
2019-03-21 12:00:00,0.648816666666667,0.620116666666667,0.59825,0.580833333333333,0.547683333333333,0.5317,0.54195,"1b","1b","1b","1b","1b","1b","1b"
2019-03-21 13:00:00,0.854516666666667,0.805683333333333,0.774383333333333,0.7501,0.703333333333333,0.676883333333333,0.68885,"1b","1b","1b","1b","1b","1b","1b"
2019-03-21 14:00:00,0.726883333333333,0.685366666666667,0.660416666666667,0.6393,0.602216666666667,0.582166666666667,0.594,"1b","1b","1b","1b","1b","1b","1b"
2019-03-21 15:00:00,1.02483333333333,0.923133333333333,0.876916666666667,0.840766666666667,0.779716666666667,0.744266666666667,0.754433333333333,"1b","1b","1b","1b","1b","1b","1b"
2019-03-21 16:00:00,1.03395,0.94695,0.906316666666667,0.872816666666667,0.8166,0.793066666666667,0.8062,"1b","1b","1b","1b","1b","1b","1b"
2019-03-21 17:00:00,1.11643333333333,1.03336666666667,0.989633333333333,0.95695,0.89615,0.880733333333333,0.895666666666667,"1b","1b","1b","1b","1b","1b","1b"
2019-03-21 18:00:00,1.37106666666667,1.22763333333333,1.16516666666667,1.11723333333333,1.04371666666667,1.01205,1.02721666666667,"1b","1b","1b","1b","1b","1b","1b"
2019-03-21 19:00:00,1.26256666666667,1.1497,1.09231666666667,1.04806666666667,0.978633333333333,0.954583333333333,0.968866666666667,"1b","1b","1b","1b","1b","1b","1b"
2019-03-21 20:00:00,1.160125,1.05203571428571,1.01692857142857,0.978696428571429,0.915339285714286,0.89725,0.909428571428571,"1b","1b","1b","1b","1b","1b","1b"
2019-03-21 21:00:00,1.08088333333333,0.899516666666667,0.808433333333333,0.76785,0.722766666666667,0.69705,0.6998,"1b","1b","1b","1b","1b","1b","1b"
2019-03-21 22:00:00,0.95175,0.83295,0.751333333333333,0.712333333333333,0.670533333333333,0.651866666666667,0.653983333333333,"1b","1b","1b","1b","1b","1b","1b"
2019-03-21 23:00:00,0.88935,0.781183333333333,0.706933333333333,0.66765,0.626566666666667,0.609516666666667,0.60975,"1b","1b","1b","1b","1b","1b","1b"
2019-03-22,1.14416666666667,1.0972,1.03078333333333,1.00093333333333,0.955683333333333,0.946083333333333,0.950616666666667,"1b","1b","1b","1b","1b","1b","1b"
2019-03-22 01:00:00,1.0298,0.919316666666667,0.854483333333333,0.818483333333333,0.77185,0.753133333333333,0.75555,"1b","1b","1b","1b","1b","1b","1b"
2019-03-22 02:00:00,0.7591,0.69175,0.649433333333333,0.62485,0.585933333333333,0.573183333333333,0.572616666666667,"1b","1b","1b","1b","1b","1b","1b"
2019-03-22 03:00:00,0.621433333333333,0.5879,0.559266666666667,0.54285,0.515083333333333,0.511433333333333,0.512516666666667,"1b","1b","1b","1b","1b","1b","1b"
2019-03-22 04:00:00,0.415133333333333,0.38785,0.36865,0.3561,0.337033333333333,0.333666666666667,0.335966666666667,"1b","1b","1b","1b","1b","1b","1b"
2019-03-22 05:00:00,0.490933333333333,0.48025,0.465483333333333,0.45915,0.438983333333333,0.443966666666667,0.445766666666667,"1b","1b","1b","1b","1b","1b","1b"
2019-03-22 06:00:00,0.463366666666667,0.461483333333333,0.4504,0.44655,0.425266666666667,0.425883333333333,0.42835,"1b","1b","1b","1b","1b","1b","1b"
2019-03-22 07:00:00,0.4913,0.502783333333333,0.492883333333333,0.489983333333333,0.469283333333333,0.473483333333333,0.478833333333333,"1b","1b","1b","1b","1b","1b","1b"
2019-03-22 08:00:00,0.506333333333333,0.521283333333333,0.5129,0.510133333333333,0.4879,0.49735,0.501766666666667,"1b","1b","1b","1b","1b","1b","1b"
2019-03-22 09:00:00,0.516033333333333,0.5276,0.517,0.511983333333333,0.4871,0.493033333333333,0.498866666666667,"1b","1b","1b","1b","1b","1b","1b"
2019-03-22 10:00:00,0.4511,0.444683333333333,0.43325,0.4272,0.406083333333333,0.407883333333333,0.41285,"1b","1b","1b","1b","1b","1b","1b"
2019-03-22 11:00:00,0.602466666666667,0.555083333333333,0.530416666666667,0.516283333333333,0.484533333333333,0.46875,0.47375,"1b","1b","1b","1b","1b","1b","1b"
2019-03-22 12:00:00,0.8199,0.706983333333333,0.663033333333333,0.635833333333333,0.592016666666667,0.561,0.567333333333333,"1b","1b","1b","1b","1b","1b","1b"
2019-03-22 13:00:00,0.6889,0.62155,0.593133333333333,0.57145,0.5322,0.514866666666667,0.517816666666667,"1b","1b","1b","1b","1b","1b","1b"
2019-03-22 14:00:00,0.824866666666667,0.75115,0.718216666666667,0.6961,0.646666666666667,0.631366666666667,0.6341,"1b","1b","1b","1b","1b","1b","1b"
2019-03-22 15:00:00,0.788316666666667,0.713983333333333,0.685066666666667,0.662766666666667,0.61825,0.600866666666667,0.60745,"1b","1b","1b","1b","1b","1b","1b"
2019-03-22 16:00:00,0.696166666666667,0.639066666666667,0.61485,0.595233333333333,0.557766666666667,0.53895,0.547166666666667,"1b","1b","1b","1b","1b","1b","1b"
2019-03-22 17:00:00,0.6978,0.65975,0.639216666666667,0.624433333333333,0.586433333333333,0.5732,0.579166666666667,"1b","1b","1b","1b","1b","1b","1b"
2019-03-22 18:00:00,0.726466666666667,0.666716666666667,0.642416666666667,0.6223,0.579816666666667,0.563316666666667,0.5677,"1b","1b","1b","1b","1b","1b","1b"
2019-03-22 19:00:00,0.778183333333333,0.709066666666667,0.678466666666667,0.6579,0.612666666666667,0.594366666666667,0.600016666666667,"1b","1b","1b","1b","1b","1b","1b"
2019-03-22 20:00:00,0.71735,0.67145,0.650833333333333,0.634,0.595266666666667,0.580483333333333,0.588466666666667,"1b","1b","1b","1b","1b","1b","1b"
2019-03-22 21:00:00,0.50285,0.470933333333333,0.4534,0.440966666666667,0.41375,0.4005,0.406866666666667,"1b","1b","1b","1b","1b","1b","1b"
2019-03-22 22:00:00,0.455666666666667,0.426516666666667,0.411516666666667,0.398683333333333,0.373716666666667,0.3612,0.366533333333333,"1b","1b","1b","1b","1b","1b","1b"
2019-03-22 23:00:00,0.348683333333333,0.331216666666667,0.317566666666667,0.30865,0.285233333333333,0.2786,0.279616666666667,"1b","1b","1b","1b","1b","1b","1b"
2019-03-23,0.227666666666667,0.223183333333333,0.213083333333333,0.208583333333333,0.19465,0.19655,0.201322033898305,"1b","1b","1b","1b","1b","1b","1b"
2019-03-23 01:00:00,0.315583333333333,0.295233333333333,0.283416666666667,0.275916666666667,0.257916666666667,0.261533333333333,0.264616666666667,"1b","1b","1b","1b","1b","1b","1b"
2019-03-23 02:00:00,0.335166666666667,0.3045,0.290616666666667,0.28225,0.26455,0.26725,0.269966666666667,"1b","1b","1b","1b","1b","1b","1b"
2019-03-23 03:00:00,0.476733333333333,0.45535,0.446116666666667,0.440966666666667,0.419566666666667,0.426483333333333,0.43465,"1b","1b","1b","1b","1b","1b","1b"
2019-03-23 04:00:00,0.579116666666667,0.5739,0.566633333333333,0.56385,0.539833333333333,0.55315,0.56295,"1b","1b","1b","1b","1b","1b","1b"
2019-03-23 05:00:00,0.529083333333333,0.505516666666667,0.490266666666667,0.4855,0.460033333333333,0.47035,0.47805,"1b","1b","1b","1b","1b","1b","1b"
2019-03-23 06:00:00,0.522690909090909,0.43437037037037,0.418236363636364,0.414581818181818,0.398109090909091,0.3934,0.400672727272727,"1b","1b","1b","1b","1b","1b","1b"
2019-03-23 07:00:00,0.5225,0.48715,0.456266666666667,0.450583333333333,0.433483333333333,0.440166666666667,0.443833333333333,"1b","1b","1b","1b","1b","1b","1b"
2019-03-23 08:00:00,0.448633333333333,0.438916666666667,0.41245,0.40715,0.392016666666667,0.4023,0.4041,"1b","1b","1b","1b","1b","1b","1b"
2019-03-23 09:00:00,0.471333333333333,0.466,0.439533333333333,0.434566666666667,0.417333333333333,0.41915,0.42225,"1b","1b","1b","1b","1b","1b","1b"
2019-03-23 10:00:00,0.580116666666667,0.5922,0.563816666666667,0.559016666666667,0.53875,0.539416666666667,0.54535,"1b","1b","1b","1b","1b","1b","1b"
2019-03-23 11:00:00,0.595766666666667,0.58575,0.553583333333333,0.545566666666667,0.523916666666667,0.525083333333333,0.528616666666667,"1b","1b","1b","1b","1b","1b","1b"
2019-03-23 12:00:00,0.7984,0.782566666666667,0.738783333333333,0.727416666666667,0.69695,0.692283333333333,0.69735,"1b","1b","1b","1b","1b","1b","1b"
2019-03-23 13:00:00,0.769416666666667,0.73725,0.6943,0.679966666666667,0.6484,0.643133333333333,0.6479,"1b","1b","1b","1b","1b","1b","1b"
2019-03-23 14:00:00,0.7034,0.690833333333333,0.655683333333333,0.6464,0.6184,0.60985,0.615016666666667,"1b","1b","1b","1b","1b","1b","1b"
2019-03-23 15:00:00,0.605633333333333,0.586233333333333,0.55715,0.548116666666667,0.523566666666667,0.52355,0.529916666666667,"1b","1b","1b","1b","1b","1b","1b"
2019-03-23 16:00:00,0.656316666666667,0.639033333333333,0.610683333333333,0.60145,0.574866666666667,0.576483333333333,0.582633333333333,"1b","1b","1b","1b","1b","1b","1b"
2019-03-23 17:00:00,0.84335,0.814766666666667,0.778733333333333,0.76805,0.7334,0.734416666666667,0.74365,"1b","1b","1b","1b","1b","1b","1b"
2019-03-23 18:00:00,0.923483333333333,0.899616666666667,0.863466666666667,0.852066666666667,0.813566666666667,0.812433333333333,0.823666666666667,"1b","1b","1b","1b","1b","1b","1b"
2019-03-23 19:00:00,2.38528333333333,2.2629,2.16881666666667,2.1365,2.03628333333333,2.04716666666667,2.0787,"1b","1b","1b","1b","1b","1b","1b"
2019-03-23 20:00:00,2.77861666666667,2.60378333333333,2.49695,2.4524,2.32001666666667,2.29813333333333,2.32728333333333,"1b","1b","1b","1b","1b","1b","1b"
2019-03-23 21:00:00,3.74413333333333,3.24686666666667,3.04048333333333,2.93556666666667,2.73093333333333,2.64918333333333,2.67666666666667,"1b","1b","1b","1b","1b","1b","1b"
2019-03-23 22:00:00,3.21033333333333,2.82866666666667,2.64875,2.55918333333333,2.38168333333333,2.32163333333333,2.34891666666667,"1b","1b","1b","1b","1b","1b","1b"
2019-03-23 23:00:00,2.29435714285714,1.95226785714286,1.82055357142857,1.75353571428571,1.63366071428571,1.57442857142857,1.59130357142857,"1b","1b","1b","1b","1b","1b","1b"
2019-03-24,2.05612121212121,1.738,1.62845454545455,1.57506060606061,1.48693939393939,1.42412121212121,1.43578787878788,"1b","1b","1b","1b","1b","1b","1b"
2019-03-24 01:00:00,2.43593333333333,2.16181666666667,1.9683,1.89385,1.78405,1.73885,1.7405,"1b","1b","1b","1b","1b","1b","1b"
2019-03-24 02:00:00,2.90573333333333,2.63495,2.42895,2.35338333333333,2.21988333333333,2.17183333333333,2.17693333333333,"1b","1b","1b","1b","1b","1b","1b"
2019-03-24 03:00:00,2.802,2.51476666666667,2.34553333333333,2.27535,2.13283333333333,2.0859,2.0927,"1b","1b","1b","1b","1b","1b","1b"
2019-03-24 04:00:00,2.33235,2.06675,1.93523333333333,1.87685,1.74898333333333,1.71031666666667,1.71656666666667,"1b","1b","1b","1b","1b","1b","1b"
2019-03-24 05:00:00,2.02288333333333,1.77656666666667,1.66403333333333,1.6119,1.49961666666667,1.46383333333333,1.47206666666667,"1b","1b","1b","1b","1b","1b","1b"
2019-03-24 06:00:00,2.12446666666667,1.91571666666667,1.80611666666667,1.7609,1.64275,1.61866666666667,1.63225,"1b","1b","1b","1b","1b","1b","1b"
2019-03-24 07:00:00,1.66611666666667,1.4799,1.38796666666667,1.34725,1.24881666666667,1.22086666666667,1.22696666666667,"1b","1b","1b","1b","1b","1b","1b"
2019-03-24 08:00:00,0.76835,0.71545,0.675366666666667,0.657516666666667,0.608983333333333,0.602183333333333,0.603233333333333,"1b","1b","1b","1b","1b","1b","1b"
2019-03-24 09:00:00,0.44205,0.426533333333333,0.402016666666667,0.395066666666667,0.374237288135593,0.379694915254237,0.390586206896552,"1b","1b","1b","1b","1b","1b","1b"
2019-03-24 10:00:00,0.3664,0.352533333333333,0.33315,0.326416666666667,0.30465,0.317,0.320157894736842,"1b","1b","1b","1b","1b","1b","1b"
2019-03-24 11:00:00,0.352338983050847,0.326,0.30805,0.3028,0.28605,0.303614035087719,0.320945454545455,"1b","1b","1b","1b","1b","1b","1b"
2019-03-24 12:00:00,0.374516666666667,0.34565,0.3267,0.318516666666667,0.2999,0.303210526315789,0.303327586206897,"1b","1b","1b","1b","1b","1b","1b"
2019-03-24 13:00:00,0.292842105263158,0.267559322033898,0.253372881355932,0.252827586206897,0.238879310344828,0.267339622641509,0.2885,"1b","1b","1b","1b","1b","1b","1b"
2019-03-24 14:00:00,0.247053571428571,0.230067796610169,0.220724137931034,0.221719298245614,0.210578947368421,0.25930612244898,0.261979591836735,"1b","1b","1b","1b","1b","1b","1b"
2019-03-24 15:00:00,0.2485,0.247122807017544,0.225169491525424,0.22093220338983,0.216285714285714,0.26156862745098,0.26356862745098,"1b","1b","1b","1b","1b","1b","1b"
2019-03-24 16:00:00,0.237118644067797,0.235733333333333,0.229728813559322,0.221116666666667,0.208694915254237,0.224741379310345,0.22448275862069,"1b","1b","1b","1b","1b","1b","1b"
2019-03-24 17:00:00,0.372166666666667,0.35755,0.340133333333333,0.3333,0.31055,0.308183333333333,0.309616666666667,"1b","1b","1b","1b","1b","1b","1b"
2019-03-24 18:00:00,0.511683333333333,0.4788,0.45445,0.443383333333333,0.414116666666667,0.399833333333333,0.40515,"1b","1b","1b","1b","1b","1b","1b"
2019-03-24 19:00:00,0.535333333333333,0.496266666666667,0.469283333333333,0.458766666666667,0.426416666666667,0.423416666666667,0.426266666666667,"1b","1b","1b","1b","1b","1b","1b"
2019-03-24 20:00:00,0.622636363636364,0.475127272727273,0.446254545454545,0.430636363636364,0.401945454545455,0.382836363636364,0.384581818181818,"1b","1b","1b","1b","1b","1b","1b"
2019-03-24 21:00:00,0.561966666666667,0.492366666666667,0.452283333333333,0.437683333333333,0.410633333333333,0.399566666666667,0.397633333333333,"1b","1b","1b","1b","1b","1b","1b"
2019-03-24 22:00:00,0.423733333333333,0.381083333333333,0.349933333333333,0.338733333333333,0.319033333333333,0.315,0.31385,"1b","1b","1b","1b","1b","1b","1b"
2019-03-24 23:00:00,0.2155,0.1987,0.184266666666667,0.180233333333333,0.170783333333333,0.168883333333333,0.16855,"1b","1b","1b","1b","1b","1b","1b"
2019-03-25,0.161983333333333,0.147333333333333,0.137216666666667,0.135166666666667,0.129416666666667,0.127966666666667,0.12915,"1b","1b","1b","1b","1b","1b","1b"
2019-03-25 01:00:00,0.1546,0.141816666666667,0.133166666666667,0.1316,0.126483333333333,0.128566666666667,0.129333333333333,"1b","1b","1b","1b","1b","1b","1b"
2019-03-25 02:00:00,0.148233333333333,0.137116666666667,0.127483333333333,0.126183333333333,0.120983333333333,0.120216666666667,0.1208,"1b","1b","1b","1b","1b","1b","1b"
2019-03-25 03:00:00,0.117166666666667,0.1103,0.10505,0.10605,0.103333333333333,0.105483333333333,0.109491525423729,"1b","1b","1b","1b","1b","1b","1b"
2019-03-25 04:00:00,0.119333333333333,0.112733333333333,0.107616666666667,0.108683333333333,0.1058,0.109483333333333,0.1114,"1b","1b","1b","1b","1b","1b","1b"
2019-03-25 05:00:00,0.136916666666667,0.135966666666667,0.130883333333333,0.131916666666667,0.1301,0.136766666666667,0.139033333333333,"1b","1b","1b","1b","1b","1b","1b"
2019-03-25 06:00:00,0.327216666666667,0.335883333333333,0.3206,0.32165,0.313,0.322383333333333,0.326683333333333,"1b","1b","1b","1b","1b","1b","1b"
2019-03-25 07:00:00,0.48055,0.497566666666667,0.4744,0.473133333333333,0.45715,0.467483333333333,0.473,"1b","1b","1b","1b","1b","1b","1b"
2019-03-25 08:00:00,0.54715,0.567316666666667,0.540483333333333,0.537016666666667,0.518666666666667,0.52835,0.532666666666667,"1b","1b","1b","1b","1b","1b","1b"
2019-03-25 09:00:00,0.428916666666667,0.438433333333333,0.417833333333333,0.4161,0.401183333333333,0.407383333333333,0.412883333333333,"1b","1b","1b","1b","1b","1b","1b"
2019-03-25 10:00:00,0.4224,0.42605,0.404366666666667,0.400683333333333,0.385416666666667,0.391033333333333,0.394833333333333,"1b","1b","1b","1b","1b","1b","1b"
2019-03-25 11:00:00,0.3919,0.39305,0.373016666666667,0.367,0.349833333333333,0.35195,0.35465,"1b","1b","1b","1b","1b","1b","1b"
2019-03-25 12:00:00,0.521366666666667,0.529816666666667,0.503866666666667,0.49725,0.473033333333333,0.472633333333333,0.4764,"1b","1b","1b","1b","1b","1b","1b"
2019-03-25 13:00:00,0.667716666666667,0.666916666666667,0.633183333333333,0.623183333333333,0.59525,0.588983333333333,0.593116666666667,"1b","1b","1b","1b","1b","1b","1b"
2019-03-25 14:00:00,0.630033333333333,0.63865,0.612016666666667,0.6074,0.58145,0.578216666666667,0.5857,"1b","1b","1b","1b","1b","1b","1b"
2019-03-25 15:00:00,0.522833333333333,0.529783333333333,0.5088,0.5039,0.482483333333333,0.4848,0.489433333333333,"1b","1b","1b","1b","1b","1b","1b"
2019-03-25 16:00:00,0.574483333333333,0.581666666666667,0.56055,0.557066666666667,0.534866666666667,0.540366666666667,0.54685,"1b","1b","1b","1b","1b","1b","1b"
2019-03-25 17:00:00,0.692833333333333,0.6767,0.6453,0.637966666666667,0.608616666666667,0.608366666666667,0.615783333333333,"1b","1b","1b","1b","1b","1b","1b"
2019-03-25 18:00:00,0.758333333333333,0.7272,0.69095,0.68065,0.647683333333333,0.6373,0.647566666666667,"1b","1b","1b","1b","1b","1b","1b"
2019-03-25 19:00:00,1.29836666666667,1.19328333333333,1.12133333333333,1.09545,1.03555,1.02285,1.03646666666667,"1b","1b","1b","1b","1b","1b","1b"
2019-03-25 20:00:00,1.58311666666667,1.48853333333333,1.4108,1.38548333333333,1.31063333333333,1.303,1.31916666666667,"1b","1b","1b","1b","1b","1b","1b"
2019-03-25 21:00:00,1.58878333333333,1.43608333333333,1.34295,1.30533333333333,1.2238,1.20698333333333,1.21893333333333,"1b","1b","1b","1b","1b","1b","1b"
2019-03-25 22:00:00,1.7983,1.69443333333333,1.60953333333333,1.57686666666667,1.48683333333333,1.4722,1.49146666666667,"1b","1b","1b","1b","1b","1b","1b"
2019-03-25 23:00:00,0.913083333333333,0.8719,0.82525,0.809466666666667,0.764816666666667,0.75975,0.7718,"1b","1b","1b","1b","1b","1b","1b"
2019-03-26,1.11765,0.988933333333333,0.9152,0.883,0.821083333333333,0.80105,0.807933333333333,"1b","1b","1b","1b","1b","1b","1b"
2019-03-26 01:00:00,1.46336666666667,1.22635,1.11976666666667,1.06955,0.985416666666667,0.941533333333333,0.947783333333333,"1b","1b","1b","1b","1b","1b","1b"
2019-03-26 02:00:00,0.86965,0.763116666666667,0.701283333333333,0.6722,0.622316666666667,0.6002,0.605183333333333,"1b","1b","1b","1b","1b","1b","1b"
2019-03-26 03:00:00,0.737166666666667,0.655633333333333,0.605716666666667,0.584516666666667,0.541733333333333,0.523033333333333,0.5277,"1b","1b","1b","1b","1b","1b","1b"
2019-03-26 04:00:00,0.927910714285714,0.766892857142857,0.727857142857143,0.708821428571429,0.665696428571429,0.637375,0.642892857142857,"1b","1b","1b","1b","1b","1b","1b"
2019-03-26 05:00:00,0.583466666666667,0.47825,0.435533333333333,0.4224,0.3983,0.389783333333333,0.389816666666667,"1b","1b","1b","1b","1b","1b","1b"
2019-03-26 06:00:00,0.73995,0.721666666666667,0.679833333333333,0.672033333333333,0.645266666666667,0.646283333333333,0.649866666666667,"1b","1b","1b","1b","1b","1b","1b"
2019-03-26 07:00:00,1.17075,1.18703333333333,1.121,1.10658333333333,1.06208333333333,1.06175,1.0699,"1b","1b","1b","1b","1b","1b","1b"
2019-03-26 08:00:00,0.930066666666667,0.958683333333333,0.908316666666667,0.89715,0.859866666666667,0.865233333333333,0.872283333333333,"1b","1b","1b","1b","1b","1b","1b"
2019-03-26 09:00:00,1.24405,1.2693,1.20536666666667,1.19113333333333,1.14058333333333,1.1504,1.1593,"1b","1b","1b","1b","1b","1b","1b"
2019-03-26 10:00:00,0.96705,0.9777,0.931866666666667,0.92,0.879283333333333,0.884483333333333,0.89255,"1b","1b","1b","1b","1b","1b","1b"
2019-03-26 11:00:00,0.64705,0.628833333333333,0.5973,0.587633333333333,0.559966666666667,0.554133333333333,0.558366666666667,"1b","1b","1b","1b","1b","1b","1b"
2019-03-26 12:00:00,0.585783333333333,0.585616666666667,0.557716666666667,0.550166666666667,0.520716666666667,0.5243,0.52635,"1b","1b","1b","1b","1b","1b","1b"
2019-03-26 13:00:00,0.490633333333333,0.482,0.45915,0.45235,0.429033333333333,0.43015,0.432616666666667,"1b","1b","1b","1b","1b","1b","1b"
2019-03-26 14:00:00,0.44065,0.433833333333333,0.413566666666667,0.408316666666667,0.386666666666667,0.381433333333333,0.38335,"1b","1b","1b","1b","1b","1b","1b"
2019-03-26 15:00:00,0.624266666666667,0.6324,0.614416666666667,0.61835,0.60375,0.633033333333333,0.647366666666667,"1b","1b","1b","1b","1b","1b","1b"
2019-03-26 16:00:00,0.90595,0.876333333333333,0.83865,0.828466666666667,0.79065,0.793433333333333,0.803233333333333,"1b","1b","1b","1b","1b","1b","1b"
2019-03-26 17:00:00,3.44611666666667,3.51195,3.38638333333333,3.34608333333333,3.1538,3.08055,3.08745,"1b","1b","1b","1b","1b","1b","1b"
2019-03-26 18:00:00,4.59635,5.21238333333333,5.20428333333333,5.25385,5.0448,5.08133333333333,5.13275,"1b","1b","1b","1b","1b","1b","1b"
2019-03-26 19:00:00,0.8857,0.9253,0.897316666666667,0.889266666666667,0.843983333333333,0.839583333333333,0.85045,"1b","1b","1b","1b","1b","1b","1b"
2019-03-26 20:00:00,0.885283333333333,0.883483333333333,0.843566666666667,0.825466666666667,0.77395,0.767216666666667,0.775766666666667,"1b","1b","1b","1b","1b","1b","1b"
2019-03-26 21:00:00,1.48608333333333,1.37105,1.28423333333333,1.2449,1.154,1.12613333333333,1.13161666666667,"1b","1b","1b","1b","1b","1b","1b"
2019-03-26 22:00:00,1.22082142857143,1.08421428571429,1.02926785714286,1.00746428571429,0.955,0.929625,0.937232142857143,"1b","1b","1b","1b","1b","1b","1b"
2019-03-26 23:00:00,1.21058333333333,1.09498333333333,1.01268333333333,0.98625,0.93635,0.919716666666667,0.921066666666667,"1b","1b","1b","1b","1b","1b","1b"
2019-03-27,1.18291666666667,1.10515,1.02728333333333,1.00408333333333,0.953066666666667,0.93065,0.930083333333333,"1b","1b","1b","1b","1b","1b","1b"
2019-03-27 01:00:00,1.06746666666667,0.9961,0.927133333333333,0.904383333333333,0.858683333333333,0.839683333333333,0.83965,"1b","1b","1b","1b","1b","1b","1b"
2019-03-27 02:00:00,1.10038333333333,1.06826666666667,1.01275,0.999583333333333,0.954733333333333,0.942833333333333,0.945216666666667,"1b","1b","1b","1b","1b","1b","1b"
2019-03-27 03:00:00,1.0886,1.06756666666667,1.01785,1.00723333333333,0.961183333333333,0.953566666666667,0.956966666666667,"1b","1b","1b","1b","1b","1b","1b"
2019-03-27 04:00:00,0.866166666666667,0.79885,0.750583333333333,0.735383333333333,0.69465,0.68335,0.6847,"1b","1b","1b","1b","1b","1b","1b"
2019-03-27 05:00:00,0.834133333333333,0.763633333333333,0.7114,0.691183333333333,0.649233333333333,0.633033333333333,0.634483333333333,"1b","1b","1b","1b","1b","1b","1b"
2019-03-27 06:00:00,1.145,1.06933333333333,1.00366666666667,0.9799,0.922133333333333,0.90585,0.909533333333333,"1b","1b","1b","1b","1b","1b","1b"
2019-03-27 07:00:00,1.1269,1.12258333333333,1.06891666666667,1.0542,0.9985,0.993083333333333,1.00276666666667,"1b","1b","1b","1b","1b","1b","1b"
2019-03-27 08:00:00,0.99455,1.0114,0.966383333333333,0.953433333333333,0.90425,0.90435,0.9134,"1b","1b","1b","1b","1b","1b","1b"
2019-03-27 09:00:00,0.701383333333333,0.70265,0.6653,0.651783333333333,0.612766666666667,0.612933333333333,0.6175,"1b","1b","1b","1b","1b","1b","1b"
2019-03-27 10:00:00,0.836583333333333,0.84905,0.810083333333333,0.7963,0.749583333333333,0.745283333333333,0.749466666666667,"1b","1b","1b","1b","1b","1b","1b"
2019-03-27 11:00:00,0.599933333333333,0.596683333333333,0.566516666666667,0.556633333333333,0.521233333333333,0.514466666666667,0.517716666666667,"1b","1b","1b","1b","1b","1b","1b"
2019-03-27 12:00:00,0.528316666666667,0.53095,0.50915,0.505716666666667,0.480466666666667,0.4911,0.4967,"1b","1b","1b","1b","1b","1b","1b"
2019-03-27 13:00:00,0.8169,0.912583333333333,0.930883333333333,0.97725,0.99305,1.12955,1.18075,"1b","1b","1b","1b","1b","1b","1b"
2019-03-27 14:00:00,0.96825,1.0018,0.9948,1.01258333333333,0.99115,1.06488333333333,1.0956,"1b","1b","1b","1b","1b","1b","1b"
2019-03-27 15:00:00,1.1519,1.11328333333333,1.0886,1.09556666666667,1.0568,1.10848333333333,1.13283333333333,"1b","1b","1b","1b","1b","1b","1b"
2019-03-27 16:00:00,0.883533333333333,0.894333333333333,0.864183333333333,0.857116666666667,0.8151,0.818233333333333,0.829083333333333,"1b","1b","1b","1b","1b","1b","1b"
2019-03-27 17:00:00,0.927083333333333,0.95205,0.9225,0.919316666666667,0.876716666666667,0.889683333333333,0.90365,"1b","1b","1b","1b","1b","1b","1b"
2019-03-27 18:00:00,1.5224,1.48611666666667,1.41446666666667,1.39121666666667,1.30976666666667,1.3055,1.31995,"1b","1b","1b","1b","1b","1b","1b"
2019-03-27 19:00:00,1.75967857142857,1.69882142857143,1.62569642857143,1.59541071428571,1.50391071428571,1.48885714285714,1.50566071428571,"1b","1b","1b","1b","1b","1b","1b"
2019-03-27 20:00:00,1.66241666666667,1.55706666666667,1.44881666666667,1.41235,1.34063333333333,1.30563333333333,1.30845,"1b","1b","1b","1b","1b","1b","1b"
2019-03-27 21:00:00,1.9137,1.7717,1.63671666666667,1.59148333333333,1.50681666666667,1.47121666666667,1.47308333333333,"1b","1b","1b","1b","1b","1b","1b"
2019-03-27 22:00:00,0.871766666666667,0.833433333333333,0.78065,0.761516666666667,0.721033333333333,0.706316666666667,0.7078,"1b","1b","1b","1b","1b","1b","1b"
2019-03-27 23:00:00,0.661083333333333,0.660466666666667,0.626533333333333,0.61465,0.58495,0.572683333333333,0.576333333333333,"1b","1b","1b","1b","1b","1b","1b"
2019-03-28,0.6058,0.5793,0.54335,0.529433333333333,0.501316666666667,0.489666666666667,0.492866666666667,"1b","1b","1b","1b","1b","1b","1b"
2019-03-28 01:00:00,0.747766666666667,0.7143,0.681116666666667,0.671266666666667,0.638666666666667,0.630183333333333,0.634883333333333,"1b","1b","1b","1b","1b","1b","1b"
2019-03-28 02:00:00,0.503266666666667,0.482316666666667,0.45645,0.447933333333333,0.424433333333333,0.4145,0.417816666666667,"1b","1b","1b","1b","1b","1b","1b"
2019-03-28 03:00:00,0.466316666666667,0.446283333333333,0.422833333333333,0.414883333333333,0.392283333333333,0.382116666666667,0.385116666666667,"1b","1b","1b","1b","1b","1b","1b"
2019-03-28 04:00:00,0.586366666666667,0.554066666666667,0.527283333333333,0.515733333333333,0.48615,0.470383333333333,0.474983333333333,"1b","1b","1b","1b","1b","1b","1b"
2019-03-28 05:00:00,0.962116666666667,0.902916666666667,0.8519,0.8296,0.780183333333333,0.7599,0.767183333333333,"1b","1b","1b","1b","1b","1b","1b"
2019-03-28 06:00:00,1.6355,1.62383333333333,1.55321666666667,1.53121666666667,1.45856666666667,1.45663333333333,1.4788,"1b","1b","1b","1b","1b","1b","1b"
2019-03-28 07:00:00,2.41005,2.46021666666667,2.36838333333333,2.34438333333333,2.23226666666667,2.24413333333333,2.28033333333333,"1b","1b","1b","1b","1b","1b","1b"
2019-03-28 08:00:00,1.58631666666667,1.60723333333333,1.54918333333333,1.53248333333333,1.4514,1.46225,1.47935,"1b","1b","1b","1b","1b","1b","1b"
2019-03-28 09:00:00,1.3531,1.304,1.23943333333333,1.21466666666667,1.13968333333333,1.13076666666667,1.14311666666667,"1b","1b","1b","1b","1b","1b","1b"
2019-03-28 10:00:00,1.13771666666667,1.11798333333333,1.06843333333333,1.05213333333333,0.992883333333333,0.980466666666667,0.99275,"1b","1b","1b","1b","1b","1b","1b"
2019-03-28 11:00:00,1.16458333333333,1.15405,1.10703333333333,1.0872,1.0226,0.9999,1.00996666666667,"1b","1b","1b","1b","1b","1b","1b"
2019-03-28 12:00:00,0.939766666666667,0.933483333333333,0.894916666666667,0.879966666666667,0.82435,0.812983333333333,0.817733333333333,"1b","1b","1b","1b","1b","1b","1b"
2019-03-28 13:00:00,0.729116666666667,0.722666666666667,0.6931,0.683583333333333,0.643016666666667,0.632633333333333,0.637266666666667,"1b","1b","1b","1b","1b","1b","1b"
2019-03-28 14:00:00,0.939892857142857,0.873785714285714,0.83875,0.824875,0.776553571428571,0.749982142857143,0.759625,"1b","1b","1b","1b","1b","1b","1b"
2019-03-28 15:00:00,0.757316666666667,0.68685,0.6422,0.628483333333333,0.598333333333333,0.5821,0.582566666666667,"1b","1b","1b","1b","1b","1b","1b"
2019-03-28 16:00:00,0.7293,0.6928,0.642683333333333,0.6257,0.59145,0.571816666666667,0.571716666666667,"1b","1b","1b","1b","1b","1b","1b"
2019-03-28 17:00:00,0.85925,0.812366666666667,0.754983333333333,0.735483333333333,0.69455,0.679066666666667,0.678183333333333,"1b","1b","1b","1b","1b","1b","1b"
2019-03-28 18:00:00,1.47358333333333,1.4114,1.31473333333333,1.2817,1.21553333333333,1.19493333333333,1.1985,"1b","1b","1b","1b","1b","1b","1b"
2019-03-28 19:00:00,1.92316666666667,1.9189,1.81728333333333,1.78806666666667,1.70548333333333,1.68768333333333,1.70091666666667,"1b","1b","1b","1b","1b","1b","1b"
2019-03-28 20:00:00,2.51835,2.40601666666667,2.26696666666667,2.22088333333333,2.10176666666667,2.05588333333333,2.06891666666667,"1b","1b","1b","1b","1b","1b","1b"
2019-03-28 21:00:00,2.35678333333333,2.36061666666667,2.25753333333333,2.23096666666667,2.11563333333333,2.1117,2.12935,"1b","1b","1b","1b","1b","1b","1b"
2019-03-28 22:00:00,3.27376666666667,3.29306666666667,3.14655,3.10698333333333,2.94083333333333,2.95056666666667,2.98471666666667,"1b","1b","1b","1b","1b","1b","1b"
2019-03-28 23:00:00,2.74623333333333,2.737,2.61401666666667,2.57581666666667,2.43193333333333,2.43663333333333,2.46346666666667,"1b","1b","1b","1b","1b","1b","1b"
2019-03-29,1.97933333333333,1.94546666666667,1.84658333333333,1.81148333333333,1.70021666666667,1.68741666666667,1.70345,"1b","1b","1b","1b","1b","1b","1b"
2019-03-29 01:00:00,2.0321,1.97045,1.8675,1.82921666666667,1.71398333333333,1.69963333333333,1.71485,"1b","1b","1b","1b","1b","1b","1b"
2019-03-29 02:00:00,1.82223214285714,1.59644642857143,1.488375,1.44405357142857,1.35869642857143,1.30314285714286,1.30857142857143,"1b","1b","1b","1b","1b","1b","1b"
2019-03-29 03:00:00,1.82968333333333,1.6477,1.51421666666667,1.46388333333333,1.37751666666667,1.32173333333333,1.31846666666667,"1b","1b","1b","1b","1b","1b","1b"
2019-03-29 04:00:00,1.73646666666667,1.61965,1.50715,1.46435,1.38195,1.33365,1.3327,"1b","1b","1b","1b","1b","1b","1b"
2019-03-29 05:00:00,1.89023333333333,1.75025,1.63875,1.59755,1.50543333333333,1.45883333333333,1.45983333333333,"1b","1b","1b","1b","1b","1b","1b"
2019-03-29 06:00:00,2.53708333333333,2.41706666666667,2.29773333333333,2.26406666666667,2.15033333333333,2.12051666666667,2.13445,"1b","1b","1b","1b","1b","1b","1b"
2019-03-29 07:00:00,2.3995,2.31531666666667,2.21511666666667,2.19053333333333,2.0795,2.07001666666667,2.08796666666667,"1b","1b","1b","1b","1b","1b","1b"
2019-03-29 08:00:00,2.3328,2.26823333333333,2.16826666666667,2.13701666666667,2.01283333333333,2.0013,2.01395,"1b","1b","1b","1b","1b","1b","1b"
2019-03-29 09:00:00,1.9515,1.89903333333333,1.81288333333333,1.7807,1.67055,1.6519,1.66086666666667,"1b","1b","1b","1b","1b","1b","1b"
2019-03-29 10:00:00,1.51478333333333,1.49533333333333,1.43826666666667,1.41973333333333,1.33455,1.32475,1.33206666666667,"1b","1b","1b","1b","1b","1b","1b"
2019-03-29 11:00:00,1.46146666666667,1.43451666666667,1.38276666666667,1.36725,1.29276666666667,1.26998333333333,1.28276666666667,"1b","1b","1b","1b","1b","1b","1b"
2019-03-29 12:00:00,1.324,1.3068,1.26075,1.24563333333333,1.17471666666667,1.15006666666667,1.15991666666667,"1b","1b","1b","1b","1b","1b","1b"
2019-03-29 13:00:00,1.08869642857143,1.02848214285714,0.994767857142857,0.980446428571429,0.925160714285714,0.893785714285714,0.9005,"1b","1b","1b","1b","1b","1b","1b"
2019-03-29 14:00:00,1.06508333333333,1.00618333333333,0.948766666666667,0.931633333333333,0.884866666666667,0.849316666666667,0.848216666666667,"1b","1b","1b","1b","1b","1b","1b"
2019-03-29 15:00:00,1.10586666666667,1.10316666666667,1.04743333333333,1.0309,0.97825,0.944216666666667,0.940916666666667,"1b","1b","1b","1b","1b","1b","1b"
2019-03-29 16:00:00,1.13635,1.14905,1.0967,1.08563333333333,1.03765,1.01541666666667,1.01768333333333,"1b","1b","1b","1b","1b","1b","1b"
2019-03-29 17:00:00,1.23485,1.26021666666667,1.20676666666667,1.19616666666667,1.14485,1.13341666666667,1.13526666666667,"1b","1b","1b","1b","1b","1b","1b"
2019-03-29 18:00:00,1.81083333333333,1.81371666666667,1.73471666666667,1.71625,1.63368333333333,1.61623333333333,1.62241666666667,"1b","1b","1b","1b","1b","1b","1b"
2019-03-29 19:00:00,2.7311,2.6625,2.53751666666667,2.4949,2.35721666666667,2.29138333333333,2.30468333333333,"1b","1b","1b","1b","1b","1b","1b"
2019-03-29 20:00:00,3.59441666666667,3.43151666666667,3.25778333333333,3.18536666666667,2.99485,2.88411666666667,2.91581666666667,"1b","1b","1b","1b","1b","1b","1b"
2019-03-29 21:00:00,4.99675,4.53558333333333,4.25481666666667,4.12136666666667,3.8499,3.68673333333333,3.7428,"1b","1b","1b","1b","1b","1b","1b"
2019-03-29 22:00:00,5.31055357142857,4.69144642857143,4.33894642857143,4.18083928571429,3.89864285714286,3.73708928571429,3.76732142857143,"1b","1b","1b","1b","1b","1b","1b"
2019-03-29 23:00:00,4.5258,4.10345,3.79235,3.67381666666667,3.45811666666667,3.3467,3.3458,"1b","1b","1b","1b","1b","1b","1b"
2019-03-30,2.85641666666667,2.7306,2.59428333333333,2.53215,2.37053333333333,2.30946666666667,2.3099,"1b","1b","1b","1b","1b","1b","1b"
2019-03-30 01:00:00,2.22681666666667,2.13985,2.03951666666667,1.995,1.86531666666667,1.83551666666667,1.8397,"1b","1b","1b","1b","1b","1b","1b"
2019-03-30 02:00:00,2.2773,2.12693333333333,2.01583333333333,1.9611,1.819,1.77561666666667,1.77735,"1b","1b","1b","1b","1b","1b","1b"
2019-03-30 03:00:00,2.46115,2.26993333333333,2.15223333333333,2.09426666666667,1.94218333333333,1.89866666666667,1.90386666666667,"1b","1b","1b","1b","1b","1b","1b"
2019-03-30 04:00:00,2.51946666666667,2.28641666666667,2.15706666666667,2.09086666666667,1.93421666666667,1.87653333333333,1.88396666666667,"1b","1b","1b","1b","1b","1b","1b"
2019-03-30 05:00:00,2.61891071428571,2.34839285714286,2.217375,2.15267857142857,2.00076785714286,1.92867857142857,1.94,"1b","1b","1b","1b","1b","1b","1b"
2019-03-30 06:00:00,2.96386666666667,2.80655,2.62921666666667,2.57003333333333,2.4422,2.3714,2.37893333333333,"1b","1b","1b","1b","1b","1b","1b"
2019-03-30 07:00:00,3.0273,3.02845,2.88655,2.84053333333333,2.69503333333333,2.6537,2.66276666666667,"1b","1b","1b","1b","1b","1b","1b"
2019-03-30 08:00:00,2.9108,2.9479,2.85856666666667,2.8363,2.69485,2.69318333333333,2.71055,"1b","1b","1b","1b","1b","1b","1b"
2019-03-30 09:00:00,3.10428333333333,3.14811666666667,3.06673333333333,3.04461666666667,2.88275,2.87946666666667,2.90201666666667,"1b","1b","1b","1b","1b","1b","1b"
2019-03-30 10:00:00,2.826,2.80916666666667,2.71181666666667,2.6721,2.51093333333333,2.48411666666667,2.5034,"1b","1b","1b","1b","1b","1b","1b"
2019-03-30 11:00:00,2.26888333333333,2.23238333333333,2.14645,2.11053333333333,1.97645,1.9471,1.96045,"1b","1b","1b","1b","1b","1b","1b"
2019-03-30 12:00:00,1.7954,1.76193333333333,1.69698333333333,1.66678333333333,1.56281666666667,1.52883333333333,1.54091666666667,"1b","1b","1b","1b","1b","1b","1b"
2019-03-30 13:00:00,1.65276785714286,1.57644642857143,1.51341071428571,1.49291071428571,1.41117857142857,1.36932142857143,1.37298214285714,"1b","1b","1b","1b","1b","1b","1b"
2019-03-30 14:00:00,1.20423333333333,1.1656,1.1027,1.08398333333333,1.03053333333333,0.997733333333333,0.995366666666667,"1b","1b","1b","1b","1b","1b","1b"
2019-03-30 15:00:00,1.25916666666667,1.23886666666667,1.16925,1.1477,1.08693333333333,1.04275,1.04003333333333,"1b","1b","1b","1b","1b","1b","1b"
2019-03-30 16:00:00,1.50308333333333,1.43928333333333,1.34648333333333,1.3103,1.23258333333333,1.17571666666667,1.17063333333333,"1b","1b","1b","1b","1b","1b","1b"
2019-03-30 17:00:00,1.34088333333333,1.3385,1.27698333333333,1.25863333333333,1.19256666666667,1.1609,1.16116666666667,"1b","1b","1b","1b","1b","1b","1b"
2019-03-30 18:00:00,1.78898333333333,1.75376666666667,1.67731666666667,1.65506666666667,1.56531666666667,1.52605,1.5277,"1b","1b","1b","1b","1b","1b","1b"
2019-03-30 19:00:00,2.301,2.20031666666667,2.09138333333333,2.04748333333333,1.92623333333333,1.84926666666667,1.85935,"1b","1b","1b","1b","1b","1b","1b"
2019-03-30 20:00:00,2.19631666666667,2.07115,1.96228333333333,1.91296666666667,1.7868,1.72706666666667,1.73178333333333,"1b","1b","1b","1b","1b","1b","1b"
2019-03-30 21:00:00,2.31856666666667,2.19223333333333,2.08105,2.0332,1.89563333333333,1.8396,1.84495,"1b","1b","1b","1b","1b","1b","1b"
2019-03-30 22:00:00,2.27556666666667,2.10111666666667,1.97785,1.91823333333333,1.78006666666667,1.71573333333333,1.72213333333333,"1b","1b","1b","1b","1b","1b","1b"
2019-03-30 23:00:00,2.40636666666667,2.21681666666667,2.08358333333333,2.01798333333333,1.86865,1.80085,1.80726666666667,"1b","1b","1b","1b","1b","1b","1b"
2019-03-31,2.53728125,2.2781875,2.13584375,2.0855625,1.97484375,1.891625,1.9011875,"1b","1b","1b","1b","1b","1b","1b"
2019-03-31 01:00:00,1.88951666666667,1.72965,1.60688333333333,1.5615,1.46955,1.42486666666667,1.41728333333333,"1b","1b","1b","1b","1b","1b","1b"
2019-03-31 02:00:00,1.11343333333333,1.07585,1.01423333333333,0.9933,0.936433333333333,0.9205,0.915033333333333,"1b","1b","1b","1b","1b","1b","1b"
2019-03-31 03:00:00,0.779633333333333,0.790033333333333,0.7574,0.75025,0.71665,0.717383333333333,0.71735,"1b","1b","1b","1b","1b","1b","1b"
2019-03-31 04:00:00,0.60605,0.614933333333333,0.5907,0.586483333333333,0.557433333333333,0.553666666666667,0.552783333333333,"1b","1b","1b","1b","1b","1b","1b"
2019-03-31 05:00:00,0.308666666666667,0.3217,0.309516666666667,0.307416666666667,0.291933333333333,0.290283333333333,0.290266666666667,"1b","1b","1b","1b","1b","1b","1b"
2019-03-31 06:00:00,0.145133333333333,0.153316666666667,0.145083333333333,0.143533333333333,0.134816666666667,0.135416666666667,0.134266666666667,"1b","1b","1b","1b","1b","1b","1b"
2019-03-31 07:00:00,0.1032,0.103366666666667,0.0955833333333333,0.0922,0.0859333333333333,0.087593220338983,0.0873389830508475,"1b","1b","1b","1b","1b","1b","1b"
2019-03-31 08:00:00,0.13005,0.12465,0.115566666666667,0.113283333333333,0.106966666666667,0.110372881355932,0.111677966101695,"1b","1b","1b","1b","1b","1b","1b"
2019-03-31 09:00:00,0.193433333333333,0.184916666666667,0.172866666666667,0.169166666666667,0.1604,0.157233333333333,0.158066666666667,"1b","1b","1b","1b","1b","1b","1b"
2019-03-31 10:00:00,0.1733,0.17025,0.1613,0.1581,0.1504,0.15025,0.1526,"1b","1b","1b","1b","1b","1b","1b"
2019-03-31 11:00:00,0.1857,0.183916666666667,0.174316666666667,0.171283333333333,0.162183333333333,0.160533333333333,0.162116666666667,"1b","1b","1b","1b","1b","1b","1b"
2019-03-31 12:00:00,0.182666666666667,0.177766666666667,0.167416666666667,0.164866666666667,0.156583333333333,0.154966666666667,0.156633333333333,"1b","1b","1b","1b","1b","1b","1b"
2019-03-31 13:00:00,0.258566666666667,0.251716666666667,0.237633333333333,0.23255,0.219633333333333,0.216433333333333,0.218433333333333,"1b","1b","1b","1b","1b","1b","1b"
2019-03-31 14:00:00,0.2416,0.232933333333333,0.219766666666667,0.215016666666667,0.202216666666667,0.199566666666667,0.201216666666667,"1b","1b","1b","1b","1b","1b","1b"
2019-03-31 15:00:00,0.279283333333333,0.2679,0.25235,0.246083333333333,0.2322,0.226233333333333,0.228233333333333,"1b","1b","1b","1b","1b","1b","1b"
2019-03-31 16:00:00,0.303566666666667,0.28715,0.269733333333333,0.264866666666667,0.249433333333333,0.247183333333333,0.248616666666667,"1b","1b","1b","1b","1b","1b","1b"
2019-03-31 17:00:00,0.33015,0.3121,0.293016666666667,0.284333333333333,0.2665,0.258816666666667,0.26045,"1b","1b","1b","1b","1b","1b","1b"
2019-03-31 18:00:00,0.39245,0.368783333333333,0.346016666666667,0.33695,0.31455,0.312183333333333,0.313283333333333,"1b","1b","1b","1b","1b","1b","1b"
2019-03-31 19:00:00,0.50595,0.464483333333333,0.432966666666667,0.4202,0.389683333333333,0.383633333333333,0.384266666666667,"1b","1b","1b","1b","1b","1b","1b"
2019-03-31 20:00:00,0.64115,0.566383333333333,0.522166666666667,0.501183333333333,0.463683333333333,0.453633333333333,0.454116666666667,"1b","1b","1b","1b","1b","1b","1b"
2019-03-31 21:00:00,0.635016666666667,0.5821,0.5435,0.527266666666667,0.489983333333333,0.482,0.482383333333333,"1b","1b","1b","1b","1b","1b","1b"
2019-03-31 22:00:00,0.593083333333333,0.539333333333333,0.503566666666667,0.487933333333333,0.4543,0.445866666666667,0.448083333333333,"1b","1b","1b","1b","1b","1b","1b"
2019-03-31 23:00:00,0.469866666666667,0.421866666666667,0.3923,0.379983333333333,0.353083333333333,0.345216666666667,0.347316666666667,"1b","1b","1b","1b","1b","1b","1b"
